xlsx_city,xlsx_town,xlsx_admin_village,blocked_count
茂名,全粤沙琅镇,堂砥行政村,34
阳江,春城街道,崆峒行政村,33
肇庆,江谷镇,培崑行政村,31
湛江,全覃巴镇,高栈行政村,29
茂名,深镇镇,良坪行政村,28
肇庆,江谷镇,大桐行政村,27
茂名,平定镇,蓬利行政村,26
云浮,千官镇,塱济行政村,25
茂名,羊角镇,禄段行政村,25
清远,储粤大站镇,景头行政村,23
湛江,全河唇镇,苏州桐行政村,23
阳江,春城街道,升平行政村,23
阳江,春城街道,合岗行政村,23
清远,储粤大站镇,莱洲行政村,22
清远,小三江镇,永丰行政村,22
肇庆,诗洞镇,龙凤行政村,22
茂名,云潭镇,平桐行政村,22
茂名,朱砂镇,朱砂行政村,22
茂名,金马贵镇,甘埔行政村,22
阳江,圭岗镇,南埽行政村,22
阳江,春城街道,三湖行政村,22
阳江,春城街道,河西街道更古坑行政村,22
茂名,宝南塘镇,大石桐行政村,21
阳江,圭岗镇,那桐行政村,21
广州,温泉镇,龙新行政村,20
清远,雪西牛镇,板甫行政村,20
清远,黄花镇,孔迳行政村,20
茂名,宝光街道,红粉行政村,20
阳江,粤陂面镇,惠周行政村,20
韶关,庆云镇,祅田行政村,20
云浮,罗城街道,柑园社区,19
清远,望埠镇,萌新行政村,19
清远,雪西牛镇,新益行政村,19
清远,飞来峡镇,龙埗社区,19
肇庆,地豆镇,塔崑行政村,19
肇庆,梁村镇,游水行政村,19
茂名,全粤沙琅镇,琅西行政村,19
茂名,宝大井镇,木广桐行政村,19
茂名,粤观珠镇,河桐行政村,19
茂名,精粤曹江镇,潭村行政村,19
茂名,羊角镇,新城行政村,19
阳江,春城街道,三丰行政村,19
云浮,大湾镇,梦蓬行政村,18
江门,百合镇,茅网行政村,18
湛江,塘蓬镇,堤浪行政村,18
清远,下钛镇,沙岗行政村,17
清远,望埠镇,崦山行政村,17
湛江,全覃巴镇,龙首行政村,17
湛江,超全南山镇,乙神行政村,17
湛江,高桥镇,大冲行政村,17
茂名,嘴粤霞洞镇,甘村行政村,17
茂名,宝光街道,曹桐行政村,17
茂名,宝光街道,陈垌行政村,17
茂名,文楼镇,桐生行政村,17
茂名,新宝镇,新宝行政村,17
茂名,新桐镇,流桐行政村,17
韶关,周田镇,平甫行政村,17
江门,汶村镇,菱一行政村,16
清远,大崑镇,漏水坪行政村,16
湛江,官渡镇,埤头行政村,16
湛江,洋青镇,西埽行政村,16
湛江,西街,闸口行政村,16
湛江,黄坡镇,磐石行政村,16
肇庆,大湾镇,大白行政村,16
肇庆,排沙镇,木垮行政村,16
茂名,宝圩镇,陈桐行政村,16
茂名,宝大井镇,清桐行政村,16
茂名,宝长岐镇,塘北行政村,16
茂名,江湖镇,湖边行政村,16
茂名,金马贵镇,墟垌行政村,16
阳江,圭岗镇,吉桐行政村,16
阳江,春城街道,龙岩行政村,16
阳江,河镇,河行政村,16
韶关,桂头镇,阳陂行政村,16
惠州,吉隆镇,轿岭行政村,15
河源,粤埔前镇,泥金行政村,15
清远,望埠镇,坪迳行政村,15
湛江,超全南山镇,大黄行政村,15
肇庆,大湾镇,脉源行政村,15
茂名,全粤沙琅镇,谭儒行政村,15
茂名,宝光街道,文龙行政村,15
茂名,新桐镇,高联行政村,15
茂名,长坡镇,周桐行政村,15
阳江,双捷镇,境湾行政村,15
韶关,长江镇,塘洞行政村,15
惠州,黄埠镇,巽寮行政村,14
清远,大崑镇,大陂行政村,14
清远,小三江镇,新溪行政村,14
清远,英红镇,坑口咀社区,14
清远,金沙口镇,平峰行政村,14
湛江,下桥镇,迈蜗行政村,14
湛江,全覃巴镇,六螯行政村,14
湛江,全长山镇,凤飞行政村,14
湛江,全长山镇,朱通行政村,14
湛江,全长山镇,西诵行政村,14
湛江,塘蓬镇,上垭行政村,14
湛江,超全塘瑷镇,南通行政村,14
湛江,超全塘瑷镇,塘掇行政村,14
肇庆,大湾镇,九源行政村,14
肇庆,怀城镇,富扬行政村,14
茂名,嘴質桥镇,宣桥行政村,14
茂名,粤黄岭镇,白石行政村,14
茂名,鳌头镇,螯头行政村,14
阳江,春城街道,石上行政村,14
阳江,河镇,中联行政村,14
阳江,河镇,罗阳行政村,14
韶关,长江镇,陈欧行政村,14
韶关,雪红山镇,青迳行政村,14
韶关,马市社区,堂阁行政村,14
云浮,加益镇,排阜行政村,13
云浮,南江口镇,双冲行政村,13
云浮,宝粤茜塘镇,满东行政村,13
云浮,皙滨镇,泣田行政村,13
惠州,安墩镇,左华行政村,13
江门,四九镇,车荫行政村,13
河源,凤安镇,积良行政村,13
清远,三坑镇,泣塘行政村,13
清远,三坑镇,泣崑行政村,13
湛江,东简街道,调旧行政村,13
湛江,前山镇,墩尾行政村,13
潮州,新丰镇,深西行政村,13
肇庆,全粤潭布镇,严桐行政村,13
肇庆,石狗镇,都崑行政村,13
肇庆,闸岗镇,共和行政村,13
茂名,宝南塘镇,谷質行政村,13
茂名,平定镇,旺桐行政村,13
茂名,平定镇,陆赠行政村,13
茂名,石鼓镇,深冲行政村,13
茂名,羊角镇,柏屋行政村,13
茂名,荷塘镇,东埔行政村,13
阳江,石望镇,中桐行政村,13
韶关,丹霞街道,胡坑行政村,13
韶关,珠玑镇,下玢行政村,13
韶关,长江镇,石印行政村,13
云浮,罗城街道,石围社区,12
云浮,罗平镇,梦东行政村,12
惠州,蓝田瑶族乡,到流行政村,12
江门,大江镇,里坳行政村,12
江门,横陂镇,岐联行政村,12
清远,小三江镇,荣丽行政村,12
清远,雪西牛镇,潭坑行政村,12
湛江,官渡镇,三角行政村,12
湛江,洋糖社区,姓谢行政村,12
湛江,石角镇,榕树行政村,12
湛江,营仔镇,桐口行政村,12
湛江,超全南三镇,南滘行政村,12
湛江,黄坡镇,金鸡行政村,12
潮州,新丰镇,深东行政村,12
肇庆,悦城镇,云帮行政村,12
肇庆,桂城街道,广利街道砚洲社区,12
肇庆,渔涝镇,戴村行政村,12
肇庆,白土镇,白联社区,12
茂名,云潭镇,河琅行政村,12
茂名,全大成镇,塘坳行政村,12
茂名,全粤沙琅镇,大塘行政村,12
茂名,合水镇,石硤行政村,12
茂名,播扬镇,谭灯行政村,12
茂名,杨梅镇,低通行政村,12
茂名,精粤曹江镇,珊阁行政村,12
茂名,茶山镇,周埔行政村,12
茂名,金粤合江镇,大鹏行政村,12
茂名,金马贵镇,堤桐行政村,12
阳江,岗列街道,岗列行政村,12
阳江,春城街道,牛肚行政村,12
阳江,河镇,新阳行政村,12
韶关,周田镇,较坑行政村,12
韶关,实票区,城群行政村,12
韶关,长江镇,河田行政村,12
韶关,长江镇,高洞行政村,12
云浮,南盛镇,视岭行政村,11
云浮,嘴粤桂圩镇,木行政村,11
云浮,金鸡镇,大桐行政村,11
云浮,高村镇,葵洞行政村,11
广州,横江社区,东星行政村,11
江门,君堂镇,藜塘行政村,11
江门,四九镇,松荫行政村,11
江门,赤水镇,泣溪行政村,11
河源,新回龙镇,鹊田行政村,11
清远,上帅镇,香寮行政村,11
清远,全浸潭镇,龙须带水库移民行政村,11
清远,大湾镇,垮脚行政村,11
湛江,下桥镇,下桥行政村,11
湛江,东简街道,中和行政村,11
湛江,全覃巴镇,双塘行政村,11
湛江,全覃巴镇,杨梅行政村,11
湛江,全长山镇,横江坡行政村,11
湛江,全长岐镇,多曹行政村,11
湛江,前山镇,龙江塘行政村,11
湛江,石角镇,山腰行政村,11
湛江,西街,那郭垌行政村,11
湛江,超全南山镇,桃园行政村,11
湛江,超全塘瑷镇,西埔行政村,11
潮州,饶洋镇,赤棠行政村,11
肇庆,下茆镇,高崑行政村,11
肇庆,南丰镇,汶塘行政村,11
肇庆,大沙镇,陈冲行政村,11
肇庆,河儿口镇,双视行政村,11
茂名,东岸镇,方桐行政村,11
茂名,宝光街道,金竹山行政村,11
茂名,宝圩镇,仓板行政村,11
茂名,宝圩镇,龙蜗行政村,11
茂名,新坡镇,新坡行政村,11
茂名,新安镇,山埽行政村,11
茂名,新桐镇,凤坑行政村,11
茂名,林尘镇,下塱行政村,11
茂名,长坡镇,黄姜坡行政村,11
阳江,双滘镇,七星行政村,11
阳江,河口镇,梅桐行政村,11
阳江,河镇,凌霄行政村,11
阳江,闸坡镇,前元行政村,11
阳江,马水镇,石菉行政村,11
韶关,丹霞街道,五一行政村,11
韶关,古市镇,丹布行政村,11
韶关,扶溪镇,蛇离行政村,11
韶关,秀水镇,云岩行政村,11
韶关,粤石塘镇,上中坌行政村,11
韶关,长江镇,浒松行政村,11
云浮,分界镇,金桐行政村,10
云浮,连州镇,蒲桐行政村,10
云浮,都城镇,榄塘行政村,10
惠州,黄埠镇,大园行政村,10
惠州,黄埠镇,赤砂行政村,10
惠州,龙潭镇,石圩行政村,10
梅州,全光德镇,雷峰行政村,10
河源,凤安镇,双全行政村,10
清远,大崑镇,五元行政村,10
清远,大崑镇,炉田行政村,10
清远,小三江镇,太平行政村,10
清远,粤石潭镇,大围行政村,10
清远,英红镇,红卫社区,10
清远,雪西牛镇,五石行政村,10
清远,雪西牛镇,仙蕉坑行政村,10
清远,雪西牛镇,桥头社区,10
清远,龙颈镇,怖田行政村,10
湛江,乌塘镇,浩发行政村,10
湛江,全覃巴镇,石碧行政村,10
湛江,全长山镇,六凤行政村,10
湛江,前山镇,姑村行政村,10
湛江,石角镇,田头行政村,10
肇庆,大湾镇,杨梅行政村,10
肇庆,水南镇,双波行政村,10
肇庆,赤坑镇,旺洞行政村,10
茂名,全镇江镇,日久冲行政村,10
茂名,嘴質桥镇,良埔行政村,10
茂名,嘴質桥镇,西埽行政村,10
茂名,大坡镇,良桐行政村,10
茂名,宝光街道,米塘行政村,10
茂名,新坡镇,文冲口行政村,10
茂名,潘州街道,同进行政村,10
茂名,潘州街道,山美行政村,10
茂名,荷塘镇,那鸾行政村,10
阳江,合水镇,营讯行政村,10
阳江,城北街道,坪郊行政村,10
阳江,岗美镇,轮岗行政村,10
阳江,河镇,大竹行政村,10
韶关,丹霞街道,坪岗行政村,10
韶关,丹霞街道,董中行政村,10
韶关,丹霞街道,黄屋行政村,10
韶关,乌石镇,濛锂行政村,10
韶关,周田镇,台滩行政村,10
韶关,周田镇,灵溪行政村,10
韶关,水口镇,篛过行政村,10
韶关,珠玑镇,祇芫行政村,10
韶关,长江镇,沙坪行政村,10
韶关,雪红山镇,新山行政村,10
云浮,南盛镇,大视行政村,9
广州,钟落潭镇,泣湖行政村,9
惠州,平海镇,油蒜园行政村,9
惠州,陈江街道,平南社区,9
江门,君堂镇,杨屋行政村,9
河源,全曾田镇,万和行政村,9
河源,全曾田镇,三洞行政村,9
河源,全曾田镇,祝岗行政村,9
清远,大路边镇,寒鸭行政村,9
清远,小三江镇,新联行政村,9
清远,小三江镇,读楼行政村,9
清远,粤石潭镇,大洛行政村,9
湛江,东简街道,丹僚行政村,9
湛江,东简街道,新安行政村,9
湛江,东简街道,龙湾行政村,9
湛江,全长山镇,佳场行政村,9
湛江,全长山镇,塘拱行政村,9
湛江,全长山镇,塘肚行政村,9
湛江,官渡镇,东岸行政村,9
湛江,西街,新埂行政村,9
湛江,超全南山镇,头铺行政村,9
湛江,黄坡镇,三浪行政村,9
湛江,黄坡镇,龙塘行政村,9
潮州,凤凰镇,东赏行政村,9
肇庆,南街镇,护国社区,9
肇庆,南街镇,永青社区,9
肇庆,大岗镇,连会行政村,9
肇庆,官圩镇,崩坭行政村,9
肇庆,横山镇,曾宽行政村,9
肇庆,河台镇,大崑行政村,9
肇庆,诗洞镇,健丰行政村,9
肇庆,都平镇,官诵行政村,9
肇庆,黄岗街道,兰龙社区,9
茂名,七迳镇,马鹿行政村,9
茂名,全大成镇,埔尾行政村,9
茂名,全大成镇,禄豪行政村,9
茂名,江湖镇,陈谢行政村,9
茂名,罐粤那务镇,上埌行政村,9
茂名,良光镇,东埔行政村,9
茂名,金粤合江镇,大埔行政村,9
阳江,城北街道,金郊行政村,9
阳江,岗美镇,潭筋行政村,9
阳江,河镇,中和行政村,9
韶关,丹霞街道,南湖行政村,9
韶关,丹霞街道,官口行政村,9
韶关,丹霞街道,车湾行政村,9
韶关,周田镇,新庄行政村,9
韶关,周田镇,谭屋行政村,9
韶关,扶溪镇,长坑行政村,9
韶关,梅花镇,坛司行政村,9
韶关,樟市镇,径口行政村,9
韶关,界址镇,大坊行政村,9
韶关,秀水镇,选家洞行政村,9
韶关,长江镇,凌溪行政村,9
韶关,长江镇,油洞行政村,9
韶关,雪红山镇,中山行政村,9
韶关,雪红山镇,前洞行政村,9
云浮,历洞镇,旺埔行政村,8
云浮,围底镇,陀埽行政村,8
广州,景泰街道,朝阳行政村,8
惠州,包高潭镇,黄沙行政村,8
惠州,黄埠镇,榄涌行政村,8
梅州,小胜镇,硃坑行政村,8
汕尾,水唇镇,护砼行政村,8
汕尾,粤新田镇,新村行政村,8
汕尾,联安镇,陆安行政村,8
江门,四九镇,上荫行政村,8
江门,恩城街道,东门社区,8
江门,苍城镇,联兴行政村,8
河源,全曾田镇,宁山行政村,8
河源,全曾田镇,板仓行政村,8
河源,全曾田镇,邬洞行政村,8
河源,全曾田镇,黄村坳行政村,8
河源,忠信镇,上堂行政村,8
河源,新回龙镇,上蓝行政村,8
清远,全龙塘镇,田龙社区,8
清远,大崑镇,东坑行政村,8
清远,山塘镇,坑口行政村,8
清远,山塘镇,坑尾行政村,8
清远,山塘镇,恒平行政村,8
清远,粤石潭镇,联滘行政村,8
清远,飞来峡镇,清华社区,8
湛江,东简街道,民安街道西山行政村,8
湛江,全覃巴镇,上榕行政村,8
湛江,全长山镇,蕉林行政村,8
湛江,唐家镇,境庄行政村,8
湛江,津前社区,龙池行政村,8
湛江,西街,秧义行政村,8
湛江,超全南三镇,蓝田行政村,8
湛江,超全南山镇,那松行政村,8
湛江,超全塘瑷镇,郊桥行政村,8
湛江,黄坡镇,大路行政村,8
潮州,上饶镇,轝塘行政村,8
潮州,凤凰镇,乌岽行政村,8
肇庆,中洲镇,龙潭行政村,8
肇庆,南丰镇,连岐行政村,8
肇庆,大湾镇,三稔行政村,8
肇庆,大湾镇,三股行政村,8
肇庆,大湾镇,联星社区,8
肇庆,桂城街道,院主一社区,8
肇庆,桂城街道,龙二社区,8
茂名,大坡镇,鹤垌行政村,8
茂名,新坡镇,合水行政村,8
茂名,潘州街道,官杨行政村,8
茂名,石鼓镇,上桐行政村,8
茂名,石鼓镇,冲口行政村,8
茂名,罐粤那务镇,泉埔行政村,8
茂名,金粤合江镇,沙桐岭行政村,8
茂名,金精粤石板镇,和潭行政村,8
茂名,雪北界镇,文桐行政村,8
阳江,品松柏镇,双黄行政村,8
韶关,丹霞街道,狮井行政村,8
韶关,周田镇,上道行政村,8
韶关,坪田镇,新墟行政村,8
韶关,城口镇,东坑行政村,8
韶关,实票区,厚坑行政村,8
韶关,扶溪镇,扶中行政村,8
韶关,扶溪镇,斜周行政村,8
韶关,新韶镇,侯山行政村,8
韶关,长江镇,里周行政村,8
韶关,雪红山镇,烟竹行政村,8
云浮,大湾镇,梦葛行政村,7
云浮,宝粤茜塘镇,满南行政村,7
云浮,宝粤茜塘镇,满塘社区,7
云浮,宝粤茜塘镇,黄金满行政村,7
云浮,素龙街道,通表行政村,7
惠州,宝多祝镇,增光社区,7
惠州,宝多祝镇,徐圩行政村,7
惠州,平海镇,佛园行政村,7
惠州,铁涌镇,新民行政村,7
惠州,陈江街道,惠环街道红旗行政村,7
汕头,仙门城社区,仙门城社区,7
汕尾,水唇镇,螺洞行政村,7
汕尾,粤新田镇,激石溪行政村,7
江门,三埠街道,建联居民区,7
江门,塘口镇,裡村行政村,7
江门,百合镇,松薛行政村,7
河源,全曾田镇,两行政村,7
河源,全曾田镇,红十月行政村,7
河源,全粤蓝口镇,礫下行政村,7
河源,凤安镇,小古行政村,7
河源,凤安镇,鹿塘行政村,7
河源,忠信镇,水澹行政村,7
河源,新回龙镇,中联行政村,7
河源,粤蓝塘镇,嘉元行政村,7
河源,超全粤叶潭镇,儒轝行政村,7
河源,超全粤叶潭镇,街镇社区,7
清远,下钛镇,灯塔行政村,7
清远,下钛镇,高洞行政村,7
清远,九陂镇,双塘行政村,7
清远,全龙塘镇,凤城街道古城社区,7
清远,全龙塘镇,清郊社区,7
清远,杨梅镇,坪洞行政村,7
清远,汤塘镇,泣江行政村,7
清远,禾云镇,泣坑行政村,7
清远,连州镇,龙嘴行政村,7
清远,雪西牛镇,石角行政村,7
清远,雪西牛镇,红桥行政村,7
湛江,东简街道,三星行政村,7
湛江,全河唇镇,白藤行政村,7
湛江,全覃巴镇,山茶行政村,7
湛江,全长山镇,长岭行政村,7
湛江,前山镇,地塘行政村,7
湛江,唐家镇,北样行政村,7
湛江,振文镇,低桐行政村,7
湛江,津前社区,东山街道北山行政村,7
湛江,白沙社区,加洋行政村,7
湛江,石岭镇,域堤塘行政村,7
湛江,石颈镇,东埔行政村,7
湛江,西街,水洒行政村,7
湛江,西街,限口行政村,7
湛江,超全南山镇,文丰园行政村,7
湛江,超全南山镇,石岭行政村,7
湛江,超全吴阳镇,大地行政村,7
湛江,超宝良桐镇,上阁桐行政村,7
湛江,黄坡镇,下村行政村,7
湛江,黄坡镇,塘口行政村,7
湛江,黄坡镇,蓼罗行政村,7
潮州,浮滨镇,沃潭行政村,7
肇庆,中洲镇,白良行政村,7
肇庆,城西街道,沙街社区,7
肇庆,大湾镇,石印行政村,7
肇庆,江谷镇,正隆社区,7
肇庆,河儿口镇,梦炭行政村,7
肇庆,洽水镇,旺兰行政村,7
肇庆,罗董镇,大洞行政村,7
肇庆,莲都镇,芬守行政村,7
肇庆,黄岗街道,三村社区,7
肇庆,黄岗街道,沙湖社区,7
肇庆,黄岗街道,睦岗街道大龙社区,7
茂名,全钱排镇,竹桐行政村,7
茂名,大坡镇,大坪行政村,7
茂名,宝长岐镇,东方行政村,7
茂名,山阁镇,那际行政村,7
茂名,思贺镇,大榔行政村,7
茂名,新坡镇,高岭行政村,7
茂名,林尘镇,古峰行政村,7
茂名,潘州街道,杨郡行政村,7
茂名,荷花镇,新田行政村,7
茂名,袂花镇,邦决行政村,7
茂名,鳌头镇,塘札行政村,7
茂名,鳌头镇,塘边行政村,7
阳江,河镇,阳三行政村,7
阳江,潭水镇,新凤行政村,7
韶关,东升社区,贞江行政村,7
韶关,丹霞街道,岭田行政村,7
韶关,丹霞街道,董联行政村,7
韶关,周田镇,上坪行政村,7
韶关,城南社区,东南行政村,7
韶关,城口镇,东罗行政村,7
韶关,大桥镇,岐石行政村,7
韶关,扶溪镇,厚塘行政村,7
韶关,扶溪镇,古夏行政村,7
韶关,秀水镇,长塘行政村,7
韶关,粤石塘镇,水历行政村,7
韶关,长江镇,学堂坳行政村,7
韶关,闻韶镇,下徐行政村,7
韶关,闻韶镇,华塘行政村,7
韶关,雪红山镇,新白行政村,7
韶关,雪西河镇,前进行政村,7
东莞,樟木头镇,金河社区,6
云浮,云城街道,大塱行政村,6
云浮,前锋镇,楚蓬行政村,6
云浮,嘴粤桂圩镇,莆口行政村,6
云浮,富林镇,南浦行政村,6
云浮,建城镇,冲口行政村,6
云浮,罗城街道,中区社区,6
云浮,罗城街道,细坑社区,6
云浮,罗城街道,西区社区,6
惠州,平海镇,平海社区,6
惠州,秋长街道,官山行政村,6
惠州,罗阳镇,赤竹坑行政村,6
惠州,陈江街道,西坑社区,6
惠州,黄埠镇,西冲行政村,6
惠州,龙江镇,广尾行政村,6
梅州,宝水寨镇,下村行政村,6
梅州,湖寮镇,营村行政村,6
梅州,西河镇,上山行政村,6
汕头,隆都镇,上北行政村,6
汕尾,上护镇,砼二行政村,6
汕尾,东坑镇,福新行政村,6
汕尾,博美社区,花城行政村,6
汕尾,新民小区,前堆行政村,6
汕尾,联安镇,十字岗行政村,6
汕尾,金海社区,芳荣行政村,6
河源,全曾田镇,梅龙行政村,6
河源,全曾田镇,永新行政村,6
河源,全曾田镇,黄村行政村,6
河源,凤安镇,宜良行政村,6
河源,半江镇,横轝行政村,6
河源,大湖镇,罗经行政村,6
河源,新回龙镇,群星行政村,6
河源,紫城镇,东平行政村,6
清远,大崑镇,秤架行政村,6
清远,小三江镇,梅洞行政村,6
清远,山塘镇,中山行政村,6
清远,英红镇,红光社区,6
清远,雪西牛镇,联群行政村,6
湛江,全长山镇,和寮行政村,6
湛江,全长山镇,榄排行政村,6
湛江,前山镇,下洋行政村,6
湛江,前山镇,海星行政村,6
湛江,唐家镇,红屋行政村,6
湛江,木棉社区,何宅寮行政村,6
湛江,杨家镇,倜悦行政村,6
湛江,西街,三端行政村,6
湛江,西街,文塔行政村,6
湛江,西街,桥头行政村,6
湛江,超全南山镇,和家行政村,6
肇庆,全粤潭布镇,前桐行政村,6
肇庆,冷坑镇,爱三行政村,6
肇庆,南街镇,星坪行政村,6
肇庆,坳仔镇,东西行政村,6
肇庆,坳仔镇,山奢行政村,6
肇庆,坳仔镇,黄翰行政村,6
肇庆,大岗镇,上亭行政村,6
肇庆,官圩镇,大莆行政村,6
肇庆,永固镇,富邦行政村,6
肇庆,渔涝镇,梦良行政村,6
肇庆,诗洞镇,实源行政村,6
肇庆,黄岗街道,大冲社区,6
肇庆,黄岗街道,大洲社区,6
肇庆,黄岗街道,睦岗社区,6
茂名,东山街道,上坡行政村,6
茂名,东岸镇,河朗坡行政村,6
茂名,公馆镇,十万七行政村,6
茂名,合水镇,高垮行政村,6
茂名,城南街道,锦堂社区,6
茂名,宝光街道,鹤山行政村,6
茂名,新坡镇,车田行政村,6
茂名,粤观珠镇,佛子楼行政村,6
茂名,粤黄岭镇,山蕉窝行政村,6
茂名,荷塘镇,松明行政村,6
茂名,袂花镇,蕴陂行政村,6
茂名,金精粤石板镇,灯笼坡行政村,6
茂名,金马贵镇,厚元行政村,6
茂名,雪北界镇,六俵行政村,6
阳江,岗美镇,埠滘行政村,6
阳江,河镇,司马行政村,6
阳江,河镇,大塘行政村,6
阳江,河镇,新竹行政村,6
阳江,白沙街道,岗华行政村,6
韶关,丹霞街道,夏富行政村,6
韶关,丹霞街道,康溪行政村,6
韶关,丹霞街道,新龙行政村,6
韶关,丹霞街道,河富行政村,6
韶关,司前镇,甘太行政村,6
韶关,周田镇,下洞行政村,6
韶关,周田镇,雷坑行政村,6
韶关,周陂镇,礫下行政村,6
韶关,扶溪镇,左龙行政村,6
韶关,长江镇,冷饭坑行政村,6
韶关,长江镇,木溪行政村,6
韶关,长江镇,芭蕉垅行政村,6
韶关,长江镇,莲河行政村,6
韶关,雪红山镇,鱼皇行政村,6
中山,南区街道,良都社区,5
云浮,东坝镇,沙冲行政村,5
云浮,云城街道,育华社区,5
云浮,云城街道,马坪社区,5
云浮,宝粤茜塘镇,石碑行政村,5
云浮,罗城街道,东区社区,5
云浮,罗城街道,北区社区,5
云浮,罗城街道,南区社区,5
云浮,罗城街道,城东社区,5
云浮,罗平镇,泣塘行政村,5
云浮,船步镇,双满行政村,5
云浮,船步镇,炉埔行政村,5
云浮,都杨镇,都友行政村,5
广州,永平街道,永泰行政村,5
广州,温泉镇,密石行政村,5
惠州,杨村镇,埔连行政村,5
惠州,麻榨镇,寨下行政村,5
惠州,黄埠镇,王公社区,5
梅州,宝水寨镇,下二行政村,5
梅州,宝水寨镇,黄湖行政村,5
梅州,洋岭社区,洋岭社区,5
梅州,湖寮镇,碗瑶行政村,5
梅州,潭下镇,柏洋行政村,5
梅州,潭江镇,降福行政村,5
梅州,茶阳镇,角庵行政村,5
汕头,隆都镇,下北行政村,5
汕尾,博美社区,博头行政村,5
汕尾,城东镇,圆墩行政村,5
汕尾,梅陇镇,联兴行政村,5
汕尾,第三社区,红湖行政村,5
汕尾,联安镇,麻竹行政村,5
江门,四九镇,下荫行政村,5
江门,圣堂镇,泣朗行政村,5
江门,川岛镇,山咀行政村,5
江门,横陂镇,塘莲行政村,5
江门,牛江镇,莲塘行政村,5
江门,都斛镇,沙冈行政村,5
河源,全丰稔镇,莲风行政村,5
河源,全曾田镇,下寨行政村,5
河源,全曾田镇,欧屋行政村,5
河源,全曾田镇,正昌行政村,5
河源,全曾田镇,江田行政村,5
河源,全曾田镇,百坝行政村,5
河源,全曾田镇,铁岗行政村,5
河源,凤安镇,远光行政村,5
河源,宝古竹镇,孔埔行政村,5
河源,紫城镇,下黄塘行政村,5
河源,紫城镇,宝山行政村,5
河源,紫城镇,洋坑行政村,5
河源,紫城镇,福田行政村,5
河源,紫城镇,腊石行政村,5
河源,紫城镇,锦口行政村,5
清远,下钛镇,上行政村,5
清远,全太和镇,滘星行政村,5
清远,全浸潭镇,崑口行政村,5
清远,全精粤龙坪镇,元璧行政村,5
清远,大崑镇,太平洞行政村,5
清远,大崑镇,杜菜行政村,5
清远,英城街道,矮山坪行政村,5
清远,雪西牛镇,博下行政村,5
湛江,全粤雷高镇,南芬行政村,5
湛江,全长山镇,三下行政村,5
湛江,全长山镇,长吉诵行政村,5
湛江,全长岐镇,良村行政村,5
湛江,前山镇,下园行政村,5
湛江,唐家镇,康村行政村,5
湛江,唐家镇,标角行政村,5
湛江,唐家镇,格内行政村,5
湛江,唐家镇,调和行政村,5
湛江,唐家镇,那胆行政村,5
湛江,大山江街道,东埔行政村,5
湛江,白沙社区,广安行政村,5
湛江,粤曲界镇,金满堂行政村,5
湛江,西连镇,潭螯行政村,5
湛江,西连镇,符宅行政村,5
湛江,西连镇,角尾行政村,5
湛江,超全南山镇,北岭行政村,5
湛江,超全南山镇,迈报行政村,5
湛江,超全塘瑷镇,塘下行政村,5
湛江,超宝良桐镇,大垌行政村,5
湛江,黄坡镇,五和行政村,5
肇庆,凤岗镇,碲下行政村,5
肇庆,白垢镇,瀛村行政村,5
肇庆,黄岗街道,东岗社区,5
肇庆,黄岗街道,河旁社区,5
肇庆,黄田镇,黎崑行政村,5
茂名,中桐镇,中桐社区,5
茂名,全大成镇,水美行政村,5
茂名,坡心镇,排河行政村,5
茂名,大坡镇,上良坑行政村,5
茂名,山阁镇,高车行政村,5
茂名,袂花镇,文礼行政村,5
茂名,超全贵子镇,迴龙行政村,5
茂名,雪北界镇,高桐行政村,5
茂名,鳌头镇,潮利行政村,5
阳江,城西街道,东砵行政村,5
阳江,河镇,石忽行政村,5
韶关,丹霞街道,中心行政村,5
韶关,丹霞街道,城南行政村,5
韶关,丹霞街道,新东行政村,5
韶关,丹霞街道,新莲行政村,5
韶关,丹霞街道,瑶族行政村,5
韶关,丹霞街道,白莲行政村,5
韶关,丹霞街道,红星行政村,5
韶关,乳城镇,坝厂行政村,5
韶关,扶溪镇,紫岭行政村,5
韶关,江湾镇,湖洋行政村,5
韶关,石角社区,张田坑行政村,5
韶关,秀水镇,出水岩行政村,5
韶关,秀水镇,开封行政村,5
韶关,秀水镇,斯茅坪行政村,5
韶关,秀水镇,石冲行政村,5
韶关,粤石塘镇,下中坌行政村,5
韶关,闻韶镇,塘源行政村,5
东莞,清溪镇,厦堤行政村,4
东莞,高埗镇,洗沙行政村,4
中山,东凤镇,东兴社区,4
云浮,云城街道,蟠龙社区,4
云浮,罗平镇,双莲行政村,4
云浮,罗平镇,梦北行政村,4
广州,太平镇,莱地塱行政村,4
广州,花城街,公益行政村,4
惠州,平潭镇,新田埔行政村,4
惠州,蓝田瑶族乡,红星行政村,4
惠州,观音阁镇,塘角行政村,4
惠州,陈江街道,中星社区,4
惠州,黄埠镇,盐洲社区,4
惠州,龙田镇,江冚行政村,4
梅州,仁居镇,礫头行政村,4
梅州,全转水镇,黄梅行政村,4
梅州,八尺镇,石峰行政村,4
梅州,松口镇,介溪行政村,4
梅州,石扇镇,西南行政村,4
梅州,粤砂田镇,荐坪行政村,4
梅州,超全岐岭镇,鲁占行政村,4
汕头,义英社区,华桥行政村,4
汕头,隆都镇,上西行政村,4
汕尾,东坑镇,高树坪行政村,4
汕尾,南塘镇,新河行政村,4
汕尾,博美社区,溪行政村,4
汕尾,博美社区,红下行政村,4
汕尾,大安镇,堂贝行政村,4
汕尾,大安镇,翰田行政村,4
汕尾,联安镇,学头行政村,4
汕尾,西南镇,石艮行政村,4
汕尾,金厢镇,大宫行政村,4
江门,君堂镇,沙冈行政村,4
江门,外海街道,四大社区,4
江门,恩城街道,西门社区,4
江门,恩城街道,青云社区,4
河源,全曾田镇,下漆行政村,4
河源,全曾田镇,仙湖行政村,4
河源,全曾田镇,冼村行政村,4
河源,全曾田镇,新民行政村,4
河源,凤安镇,吉田行政村,4
河源,凤安镇,高尚行政村,4
河源,新回龙镇,日光行政村,4
河源,涧头镇,礫娥行政村,4
河源,紫城镇,上黄塘行政村,4
河源,紫城镇,中兴行政村,4
河源,紫城镇,华星行政村,4
河源,紫城镇,均安行政村,4
河源,紫城镇,大鲁行政村,4
河源,紫城镇,安全行政村,4
河源,紫城镇,嶂拔行政村,4
河源,紫城镇,拱桥行政村,4
河源,紫城镇,曹坑行政村,4
河源,紫城镇,桥田行政村,4
河源,紫城镇,澄田行政村,4
河源,紫城镇,群星行政村,4
河源,紫城镇,联光行政村,4
河源,紫城镇,良洞行政村,4
河源,紫城镇,车前行政村,4
河源,紫城镇,长岌行政村,4
清远,大崑镇,大坳行政村,4
清远,大崑镇,大崑行政村,4
清远,大路边镇,东联行政村,4
清远,英红镇,云岭社区,4
湛江,全长山镇,石湾行政村,4
湛江,全长岐镇,鉴东行政村,4
湛江,前山镇,小苏行政村,4
湛江,南三社区,南三社区,4
湛江,唐家镇,斗六行政村,4
湛江,唐家镇,潭葛行政村,4
湛江,唐家镇,金竹行政村,4
湛江,城月镇,坑仔行政村,4
湛江,塘蓬镇,大垭行政村,4
湛江,官渡镇,山嘴行政村,4
湛江,洋糖社区,外坡行政村,4
湛江,洋青镇,田头湾行政村,4
湛江,海东社区,海东社区,4
湛江,白沙社区,坑仔行政村,4
湛江,西街,沙角旋行政村,4
湛江,西连镇,下寮仔行政村,4
湛江,西连镇,北注行政村,4
湛江,超全南山镇,加乐园行政村,4
湛江,超全南山镇,后坡寮行政村,4
湛江,黄坡镇,南巢行政村,4
湛江,龙安社区,龙安社区,4
潮州,凤塘镇,粪畔行政村,4
潮州,归湖镇,曾厝行政村,4
潮州,归湖镇,铁炉坪行政村,4
肇庆,凤岗镇,欧上行政村,4
肇庆,凤村镇,宝坪行政村,4
肇庆,坳仔镇,车福行政村,4
肇庆,城东街道,工农社区,4
肇庆,大湾镇,上围行政村,4
肇庆,大湾镇,汉塘行政村,4
肇庆,桂城街道,塘口社区,4
肇庆,桂城街道,院主二社区,4
肇庆,桂城街道,龙头社区,4
肇庆,永安镇,苍南行政村,4
肇庆,江谷镇,一村社区,4
肇庆,金利镇,小塱社区,4
茂名,岭门镇,夏蓝行政村,4
茂名,朱砂镇,燕埔行政村,4
茂名,潘州街道,山美街道云径行政村,4
茂名,潭头镇,大垃行政村,4
茂名,站前街道,新福社区,4
