matched_db_rowid,final_write_value_by_rowid,component_count,family_count,source_rows,source_value_count,source_values,reason
234,客家、闽,2,2,1,1,客家、闽,multi_family
278,客家、闽,2,2,1,1,客家、闽,multi_family
291,客家、闽,2,2,1,1,客家、闽,multi_family
301,客家、闽,2,2,1,1,客家、闽,multi_family
303,客家、闽,2,2,1,1,客家、闽,multi_family
305,客家、闽,2,2,1,1,客家、闽,multi_family
306,客家、闽,2,2,1,1,客家、闽,multi_family
319,客家、闽,2,2,1,1,客家、闽,multi_family
320,客家、闽,2,2,1,1,客家、闽,multi_family
321,客家、闽,2,2,1,1,客家、闽,multi_family
323,客家、闽,2,2,1,1,客家、闽,multi_family
324,客家、闽,2,2,1,1,客家、闽,multi_family
328,客家、闽,2,2,1,1,客家、闽,multi_family
330,客家、闽,2,2,1,1,客家、闽,multi_family
333,客家、闽,2,2,1,1,客家、闽,multi_family
334,客家、闽,2,2,1,1,客家、闽,multi_family
343,客家、闽,2,2,1,1,客家、闽,multi_family
344,客家、闽,2,2,1,1,客家、闽,multi_family
359,客家、闽,2,2,1,1,客家、闽,multi_family
607,客家、闽·潮汕话,2,2,10,2,"客家、闽,闽·潮汕话",bare_and_detail_mixed_keep_as_is | multi_family
1386,客家、闽,2,2,1,1,客家、闽,multi_family
1423,客家、闽,2,2,1,1,客家、闽,multi_family
1608,闽·潮汕话、客家,2,2,44,2,"闽·潮汕话,客家、闽",bare_and_detail_mixed_keep_as_is | multi_family
2236,闽·潮汕话、客家,2,2,13,2,"闽·潮汕话,客家、闽",bare_and_detail_mixed_keep_as_is | multi_family
2631,客家、闽,2,2,1,1,客家、闽,multi_family
2635,客家、闽,2,2,1,1,客家、闽,multi_family
2636,客家、闽,2,2,1,1,客家、闽,multi_family
2638,客家、闽,2,2,1,1,客家、闽,multi_family
3761,客家、闽,2,2,1,1,客家、闽,multi_family
3763,客家、闽,2,2,1,1,客家、闽,multi_family
3764,客家、闽,2,2,1,1,客家、闽,multi_family
3765,客家、闽,2,2,1,1,客家、闽,multi_family
3884,客家、闽,2,2,1,1,客家、闽,multi_family
3955,客家、闽,2,2,1,1,客家、闽,multi_family
3956,客家、闽,2,2,1,1,客家、闽,multi_family
3959,客家、闽,2,2,1,1,客家、闽,multi_family
3960,客家、闽,2,2,1,1,客家、闽,multi_family
3963,客家、闽,2,2,1,1,客家、闽,multi_family
3964,客家、闽,2,2,1,1,客家、闽,multi_family
3965,客家、闽,2,2,1,1,客家、闽,multi_family
3966,客家、闽,2,2,1,1,客家、闽,multi_family
3969,客家、闽,2,2,1,1,客家、闽,multi_family
3970,客家、闽,2,2,1,1,客家、闽,multi_family
3974,客家、闽,2,2,1,1,客家、闽,multi_family
3975,客家、闽,2,2,1,1,客家、闽,multi_family
3976,客家、闽,2,2,1,1,客家、闽,multi_family
3979,客家、闽,2,2,1,1,客家、闽,multi_family
3981,客家、闽·潮汕话,2,2,26,2,"客家、闽,闽·潮汕话",bare_and_detail_mixed_keep_as_is | multi_family
5310,粤、客家,2,2,1,1,粤、客家,multi_family
5313,粤、客家,2,2,1,1,粤、客家,multi_family
5318,粤、客家,2,2,1,1,粤、客家,multi_family
5422,粤、客家,2,2,1,1,粤、客家,multi_family
5430,粤、客家,2,2,1,1,粤、客家,multi_family
5436,粤、客家,2,2,1,1,粤、客家,multi_family
5437,粤、客家,2,2,1,1,粤、客家,multi_family
5438,粤、客家,2,2,2,1,粤、客家,multi_family
5439,粤、客家,2,2,1,1,粤、客家,multi_family
5443,粤、客家,2,2,1,1,粤、客家,multi_family
5444,粤、客家,2,2,1,1,粤、客家,multi_family
5447,粤、客家,2,2,1,1,粤、客家,multi_family
5448,粤、客家,2,2,1,1,粤、客家,multi_family
5601,粤、客家,2,2,1,1,粤、客家,multi_family
5604,粤、客家,2,2,1,1,粤、客家,multi_family
5605,粤、客家,2,2,1,1,粤、客家,multi_family
5606,粤、客家,2,2,2,1,粤、客家,multi_family
5617,粤、客家,2,2,1,1,粤、客家,multi_family
5623,粤、客家,2,2,1,1,粤、客家,multi_family
5627,粤、客家,2,2,1,1,粤、客家,multi_family
5633,粤、客家,2,2,1,1,粤、客家,multi_family
5635,粤、客家,2,2,1,1,粤、客家,multi_family
5637,粤、客家,2,2,1,1,粤、客家,multi_family
5638,粤、客家,2,2,1,1,粤、客家,multi_family
5641,粤、客家,2,2,1,1,粤、客家,multi_family
5642,粤、客家,2,2,1,1,粤、客家,multi_family
5644,粤、客家,2,2,1,1,粤、客家,multi_family
5646,粤、客家,2,2,1,1,粤、客家,multi_family
5669,粤、客家,2,2,1,1,粤、客家,multi_family
5670,粤、客家,2,2,1,1,粤、客家,multi_family
5671,粤、客家,2,2,1,1,粤、客家,multi_family
5672,粤、客家,2,2,1,1,粤、客家,multi_family
5673,粤、客家,2,2,1,1,粤、客家,multi_family
5674,粤、客家,2,2,1,1,粤、客家,multi_family
5675,粤、客家,2,2,1,1,粤、客家,multi_family
5676,粤、客家,2,2,1,1,粤、客家,multi_family
5682,粤、客家,2,2,1,1,粤、客家,multi_family
5873,粤、客家,2,2,1,1,粤、客家,multi_family
5875,粤、客家,2,2,1,1,粤、客家,multi_family
5878,粤、客家,2,2,1,1,粤、客家,multi_family
5879,粤、客家,2,2,1,1,粤、客家,multi_family
5954,粤、客家,2,2,1,1,粤、客家,multi_family
5986,粤、客家,2,2,1,1,粤、客家,multi_family
5988,粤、客家,2,2,1,1,粤、客家,multi_family
5989,粤、客家,2,2,1,1,粤、客家,multi_family
5992,粤、客家,2,2,1,1,粤、客家,multi_family
5994,粤、客家,2,2,2,1,粤、客家,multi_family
5995,粤、客家,2,2,1,1,粤、客家,multi_family
6049,粤、客家,2,2,1,1,粤、客家,multi_family
6086,粤、客家,2,2,1,1,粤、客家,multi_family
6091,粤、客家,2,2,1,1,粤、客家,multi_family
6190,粤、客家,2,2,1,1,粤、客家,multi_family
6434,粤、客家,2,2,1,1,粤、客家,multi_family
6435,粤、客家,2,2,1,1,粤、客家,multi_family
6438,粤、客家,2,2,1,1,粤、客家,multi_family
6439,粤、客家,2,2,1,1,粤、客家,multi_family
6440,粤、客家,2,2,1,1,粤、客家,multi_family
6442,粤、客家,2,2,1,1,粤、客家,multi_family
6459,粤、客家,2,2,1,1,粤、客家,multi_family
6464,粤、客家,2,2,1,1,粤、客家,multi_family
6465,粤、客家,2,2,1,1,粤、客家,multi_family
6466,粤、客家,2,2,1,1,粤、客家,multi_family
6471,粤、客家,2,2,1,1,粤、客家,multi_family
6473,粤、客家,2,2,1,1,粤、客家,multi_family
6485,粤、客家,2,2,1,1,粤、客家,multi_family
6657,粤、客家,2,2,1,1,粤、客家,multi_family
6658,粤、客家,2,2,1,1,粤、客家,multi_family
6660,粤、客家,2,2,1,1,粤、客家,multi_family
6661,粤、客家,2,2,1,1,粤、客家,multi_family
6665,粤、客家,2,2,1,1,粤、客家,multi_family
6670,粤、客家,2,2,1,1,粤、客家,multi_family
6671,粤、客家,2,2,1,1,粤、客家,multi_family
6675,粤、客家,2,2,1,1,粤、客家,multi_family
6677,粤、客家,2,2,1,1,粤、客家,multi_family
6678,粤、客家,2,2,1,1,粤、客家,multi_family
6685,粤、客家,2,2,1,1,粤、客家,multi_family
6687,粤、客家,2,2,1,1,粤、客家,multi_family
6689,粤、客家,2,2,1,1,粤、客家,multi_family
6691,粤、客家,2,2,1,1,粤、客家,multi_family
6694,粤、客家,2,2,1,1,粤、客家,multi_family
6702,粤、客家,2,2,1,1,粤、客家,multi_family
6705,粤、客家,2,2,1,1,粤、客家,multi_family
6709,粤、客家,2,2,1,1,粤、客家,multi_family
6712,粤、客家,2,2,1,1,粤、客家,multi_family
6713,粤、客家,2,2,1,1,粤、客家,multi_family
6728,粤、客家,2,2,1,1,粤、客家,multi_family
6730,粤、客家,2,2,5,1,粤、客家,multi_family
6732,粤、客家,2,2,1,1,粤、客家,multi_family
6737,粤、客家,2,2,1,1,粤、客家,multi_family
6738,粤、客家,2,2,1,1,粤、客家,multi_family
6743,粤、客家,2,2,2,1,粤、客家,multi_family
6749,粤·东莞清溪话、客家,2,2,2,2,"粤·东莞清溪话,粤、客家",bare_and_detail_mixed_keep_as_is | multi_family
6757,粤、客家,2,2,1,1,粤、客家,multi_family
6759,粤、客家,2,2,1,1,粤、客家,multi_family
6761,粤、客家,2,2,1,1,粤、客家,multi_family
6765,粤、客家,2,2,1,1,粤、客家,multi_family
6767,粤、客家,2,2,1,1,粤、客家,multi_family
6768,粤、客家,2,2,1,1,粤、客家,multi_family
6770,粤、客家,2,2,1,1,粤、客家,multi_family
6773,粤、客家,2,2,1,1,粤、客家,multi_family
6774,粤、客家,2,2,1,1,粤、客家,multi_family
6778,粤、客家,2,2,1,1,粤、客家,multi_family
6779,粤、客家,2,2,1,1,粤、客家,multi_family
6781,粤、客家,2,2,1,1,粤、客家,multi_family
6784,粤、客家,2,2,1,1,粤、客家,multi_family
6785,粤、客家,2,2,1,1,粤、客家,multi_family
6790,粤、客家,2,2,1,1,粤、客家,multi_family
6804,粤、客家,2,2,1,1,粤、客家,multi_family
6808,粤、客家,2,2,1,1,粤、客家,multi_family
6810,粤、客家,2,2,1,1,粤、客家,multi_family
6811,粤、客家,2,2,1,1,粤、客家,multi_family
6812,粤、客家,2,2,1,1,粤、客家,multi_family
6814,粤、客家,2,2,1,1,粤、客家,multi_family
7233,粤、客家,2,2,1,1,粤、客家,multi_family
7257,粤、客家,2,2,1,1,粤、客家,multi_family
7261,粤、客家,2,2,1,1,粤、客家,multi_family
7263,粤、客家,2,2,1,1,粤、客家,multi_family
7324,粤、客家、闽,3,3,2,2,"粤、客家、闽,粤",multi_family | multi_component
7345,粤、客家,2,2,1,1,粤、客家,multi_family
7591,粤、客家,2,2,1,1,粤、客家,multi_family
7593,粤、客家,2,2,1,1,粤、客家,multi_family
7594,粤、客家,2,2,1,1,粤、客家,multi_family
7595,粤、客家,2,2,1,1,粤、客家,multi_family
7610,粤、客家,2,2,1,1,粤、客家,multi_family
7614,粤、客家,2,2,1,1,粤、客家,multi_family
7615,粤、客家,2,2,1,1,粤、客家,multi_family
7619,粤、客家,2,2,1,1,粤、客家,multi_family
7621,粤、客家,2,2,1,1,粤、客家,multi_family
7623,粤、客家,2,2,1,1,粤、客家,multi_family
7625,粤、客家,2,2,1,1,粤、客家,multi_family
7628,粤、客家,2,2,7,1,粤、客家,multi_family
7629,粤、客家,2,2,1,1,粤、客家,multi_family
7631,粤、客家,2,2,1,1,粤、客家,multi_family
7632,粤、客家,2,2,1,1,粤、客家,multi_family
7633,粤、客家,2,2,1,1,粤、客家,multi_family
7634,粤、客家,2,2,1,1,粤、客家,multi_family
7637,粤、客家,2,2,1,1,粤、客家,multi_family
7638,粤、客家,2,2,1,1,粤、客家,multi_family
7639,粤、客家,2,2,1,1,粤、客家,multi_family
7641,粤、客家,2,2,1,1,粤、客家,multi_family
7642,粤、客家,2,2,1,1,粤、客家,multi_family
7644,粤、客家,2,2,1,1,粤、客家,multi_family
7645,粤、客家,2,2,1,1,粤、客家,multi_family
7652,粤、客家,2,2,1,1,粤、客家,multi_family
13407,粤、客家,2,2,10,2,"粤,粤、客家",multi_family
13691,粤、客家,2,2,2,2,"粤、客家,粤",multi_family
13712,粤、客家,2,2,1,1,粤、客家,multi_family
13719,粤、客家,2,2,1,1,粤、客家,multi_family
13731,粤、客家,2,2,1,1,粤、客家,multi_family
14600,粤、客家,2,2,1,1,粤、客家,multi_family
14816,粤、客家,2,2,14,3,"粤,粤、客家,客家",multi_family
14862,粤、客家,2,2,1,1,粤、客家,multi_family
15019,粤、客家,2,2,1,1,粤、客家,multi_family
15093,粤、客家,2,2,1,1,粤、客家,multi_family
15730,粤、客家,2,2,1,1,粤、客家,multi_family
15975,粤、客家,2,2,1,1,粤、客家,multi_family
15979,粤、客家,2,2,1,1,粤、客家,multi_family
15993,粤、客家,2,2,1,1,粤、客家,multi_family
16017,粤、客家,2,2,1,1,粤、客家,multi_family
16031,客家、粤,2,2,6,2,"客家,粤",multi_family
16098,粤、客家,2,2,1,1,粤、客家,multi_family
16186,粤、客家,2,2,1,1,粤、客家,multi_family
16269,粤、客家,2,2,1,1,粤、客家,multi_family
18533,粤、客家,2,2,3,2,"粤,粤、客家",multi_family
19040,粤、客家,2,2,11,2,"粤,粤、客家",multi_family
41552,客家、闽,2,2,16,2,"客家,闽",multi_family
48651,客家、少数民族·畲话,2,2,172,2,"客家,少数民族·畲话",bare_and_detail_mixed_keep_as_is | multi_family
50413,客家、官话,2,2,1,1,客家、官话,multi_family
51291,粤、客家,2,2,1,1,粤、客家,multi_family
51299,粤、客家,2,2,1,1,粤、客家,multi_family
51300,粤、客家,2,2,1,1,粤、客家,multi_family
51301,粤、客家,2,2,1,1,粤、客家,multi_family
51344,粤、客家,2,2,1,1,粤、客家,multi_family
51573,闽、客家,2,2,2,2,"闽,客家、闽",multi_family
51737,客家、闽,2,2,2,2,"客家、闽,客家",multi_family
52921,客家、闽,2,2,6,2,"客家、闽,客家",multi_family
53264,粤、官话,2,2,1,1,粤、官话,multi_family
53303,粤、客家,2,2,1,1,粤、客家,multi_family
53308,粤、客家,2,2,1,1,粤、客家,multi_family
53505,客家、闽,2,2,3,2,"客家,客家、闽",multi_family
53516,客家、少数民族,2,2,1,1,客家、少数民族,multi_family
54678,客家、少数民族,2,2,1,1,客家、少数民族,multi_family
54685,客家、少数民族,2,2,1,1,客家、少数民族,multi_family
54686,客家、少数民族,2,2,1,1,客家、少数民族,multi_family
54687,客家、少数民族,2,2,1,1,客家、少数民族,multi_family
54698,客家、少数民族,2,2,1,1,客家、少数民族,multi_family
54699,客家、少数民族,2,2,1,1,客家、少数民族,multi_family
54706,客家、少数民族,2,2,1,1,客家、少数民族,multi_family
56134,客家、少数民族,2,2,1,1,客家、少数民族,multi_family
56135,客家、少数民族,2,2,1,1,客家、少数民族,multi_family
58663,客家、闽,2,2,1,1,客家、闽,multi_family
58672,客家、闽,2,2,1,1,客家、闽,multi_family
58675,客家、闽,2,2,1,1,客家、闽,multi_family
58679,闽、客家,2,2,7,3,"闽,客家,客家、闽",multi_family
58744,客家、闽,2,2,1,1,客家、闽,multi_family
58804,客家、闽,2,2,8,3,"客家,客家、闽,闽",multi_family
59545,闽、客家,2,2,4,3,"闽,客家,客家、闽",multi_family
59546,客家、闽、粤,3,3,39,5,",客家、闽,闽,客家,粤",multi_family | multi_component
59571,客家、闽,2,2,4,3,",客家、闽,客家",multi_family
59573,客家、闽,2,2,7,3,",客家,闽",multi_family
59626,客家、闽,2,2,20,3,"客家,,闽",multi_family
60140,客家、闽,2,2,1,1,客家、闽,multi_family
60187,客家、粤,2,2,2,2,"客家,粤、客家",multi_family
60559,客家、闽,2,2,1,1,客家、闽,multi_family
60562,客家、闽,2,2,1,1,客家、闽,multi_family
60592,客家、闽,2,2,1,1,客家、闽,multi_family
60596,客家、闽,2,2,1,1,客家、闽,multi_family
60620,客家、闽,2,2,1,1,客家、闽,multi_family
60661,客家、闽,2,2,1,1,客家、闽,multi_family
60717,粤、闽,2,2,1,1,粤、闽,multi_family
60738,客家、闽,2,2,1,1,客家、闽,multi_family
60739,客家、闽,2,2,7,3,"客家,,闽",multi_family
61716,客家、闽,2,2,1,1,客家、闽,multi_family
61721,客家、闽,2,2,1,1,客家、闽,multi_family
61723,客家、闽,2,2,1,1,客家、闽,multi_family
61747,客家、闽,2,2,1,1,客家、闽,multi_family
61854,客家、闽,2,2,1,1,客家、闽,multi_family
62675,客家、闽,2,2,1,1,客家、闽,multi_family
62680,客家、闽,2,2,1,1,客家、闽,multi_family
62686,客家、闽,2,2,1,1,客家、闽,multi_family
62741,客家、闽,2,2,1,1,客家、闽,multi_family
63253,粤、客家,2,2,1,1,粤、客家,multi_family
63480,粤、客家,2,2,1,1,粤、客家,multi_family
63664,粤、客家,2,2,1,1,粤、客家,multi_family
63733,客家、粤,2,2,2,2,"客家,粤、客家",multi_family
64192,客家、粤,2,2,8,3,"客家,粤,粤、客家",multi_family
64250,客家、粤,2,2,2,2,"客家,粤",multi_family
64298,粤、客家,2,2,1,1,粤、客家,multi_family
64543,粤、客家,2,2,1,1,粤、客家,multi_family
64649,粤、客家,2,2,11,2,"粤,客家",multi_family
64710,粤、客家,2,2,1,1,粤、客家,multi_family
64724,粤、客家,2,2,1,1,粤、客家,multi_family
64736,客家、粤·龙门话,2,2,5,4,"客家,粤·龙门话,粤、客家,粤",bare_and_detail_mixed_keep_as_is | multi_family
64803,粤、客家,2,2,1,1,粤、客家,multi_family
65074,粤、客家,2,2,1,1,粤、客家,multi_family
65105,粤、客家,2,2,1,1,粤、客家,multi_family
65107,粤、客家,2,2,1,1,粤、客家,multi_family
65196,粤、客家,2,2,1,1,粤、客家,multi_family
65239,客家、少数民族·蓝田话、粤,3,3,22,3,"客家,少数民族·蓝田话,粤、客家",bare_and_detail_mixed_keep_as_is | multi_family | multi_component
66045,粤、客家,2,2,1,1,粤、客家,multi_family
66047,粤、客家,2,2,1,1,粤、客家,multi_family
66085,粤、客家,2,2,1,1,粤、客家,multi_family
66087,粤、客家,2,2,1,1,粤、客家,multi_family
66161,粤、客家,2,2,2,1,粤、客家,multi_family
66163,粤、客家,2,2,1,1,粤、客家,multi_family
66631,粤、客家,2,2,1,1,粤、客家,multi_family
67018,粤、客家,2,2,1,1,粤、客家,multi_family
67026,粤、客家,2,2,1,1,粤、客家,multi_family
67027,粤、客家,2,2,1,1,粤、客家,multi_family
67033,粤、客家,2,2,1,1,粤、客家,multi_family
67631,粤、客家,2,2,1,1,粤、客家,multi_family
67657,粤、客家,2,2,1,1,粤、客家,multi_family
67658,粤、客家,2,2,1,1,粤、客家,multi_family
67767,粤、客家,2,2,1,1,粤、客家,multi_family
67811,粤、客家,2,2,1,1,粤、客家,multi_family
68481,粤、客家,2,2,1,1,粤、客家,multi_family
69435,粤、客家,2,2,1,1,粤、客家,multi_family
69445,粤、客家,2,2,1,1,粤、客家,multi_family
69450,粤、客家,2,2,1,1,粤、客家,multi_family
69451,粤、客家,2,2,1,1,粤、客家,multi_family
71192,粤、客家,2,2,1,1,粤、客家,multi_family
71211,粤、客家,2,2,1,1,粤、客家,multi_family
71218,粤、客家,2,2,1,1,粤、客家,multi_family
71226,粤、客家,2,2,1,1,粤、客家,multi_family
71234,粤、客家,2,2,1,1,粤、客家,multi_family
71356,粤、客家,2,2,1,1,粤、客家,multi_family
71361,粤、客家,2,2,1,1,粤、客家,multi_family
71368,粤、客家,2,2,1,1,粤、客家,multi_family
71482,粤、客家,2,2,1,1,粤、客家,multi_family
75831,粤·台山话、客家,2,2,9,3,",粤·台山话,粤、客家",bare_and_detail_mixed_keep_as_is | multi_family
77261,粤、客家,2,2,1,1,粤、客家,multi_family
77266,粤·台山话、少数民族·瑶语,2,2,1,1,粤·台山话、少数民族·瑶语,multi_family
77268,粤、客家,2,2,1,1,粤、客家,multi_family
77271,粤、客家,2,2,1,1,粤、客家,multi_family
77275,粤、客家,2,2,1,1,粤、客家,multi_family
77392,粤·普通话、官话·台山话,2,2,1,1,粤·普通话、官话·台山话,multi_family
78035,粤、闽,2,2,1,1,粤、闽,multi_family
78042,粤、闽,2,2,1,1,粤、闽,multi_family
78074,粤、客家,2,2,1,1,粤、客家,multi_family
78082,粤、客家,2,2,1,1,粤、客家,multi_family
78100,粤、客家,2,2,1,1,粤、客家,multi_family
78101,粤、客家,2,2,1,1,粤、客家,multi_family
78124,粤、客家,2,2,1,1,粤、客家,multi_family
78125,粤、客家,2,2,1,1,粤、客家,multi_family
78126,粤、客家,2,2,1,1,粤、客家,multi_family
78128,粤、客家,2,2,1,1,粤、客家,multi_family
78130,粤、客家,2,2,1,1,粤、客家,multi_family
78143,粤、客家,2,2,1,1,粤、客家,multi_family
78151,粤、客家,2,2,1,1,粤、客家,multi_family
78170,粤、客家,2,2,1,1,粤、客家,multi_family
78179,粤、客家,2,2,1,1,粤、客家,multi_family
78189,粤、客家,2,2,1,1,粤、客家,multi_family
78192,粤、客家,2,2,1,1,粤、客家,multi_family
78197,粤、客家,2,2,1,1,粤、客家,multi_family
78201,粤、客家,2,2,1,1,粤、客家,multi_family
78210,粤、客家,2,2,1,1,粤、客家,multi_family
78212,粤、客家,2,2,1,1,粤、客家,multi_family
78217,粤、客家,2,2,1,1,粤、客家,multi_family
78218,粤、客家,2,2,1,1,粤、客家,multi_family
78431,粤、客家,2,2,1,1,粤、客家,multi_family
91747,粤、闽,2,2,1,1,粤、闽,multi_family
91748,粤、闽,2,2,1,1,粤、闽,multi_family
91750,粤、闽,2,2,1,1,粤、闽,multi_family
91760,粤、闽,2,2,1,1,粤、闽,multi_family
92860,粤、闽,2,2,1,1,粤、闽,multi_family
92864,粤、客家,2,2,1,1,粤、客家,multi_family
92867,客家、闽,2,2,1,1,客家、闽,multi_family
92868,粤、客家,2,2,1,1,粤、客家,multi_family
92940,粤、闽,2,2,2,1,粤、闽,multi_family
92942,客家、闽,2,2,1,1,客家、闽,multi_family
92950,客家、闽,2,2,1,1,客家、闽,multi_family
92963,粤、闽,2,2,1,1,粤、闽,multi_family
93067,粤、闽,2,2,1,1,粤、闽,multi_family
93683,粤、客家,2,2,1,1,粤、客家,multi_family
93690,客家、闽,2,2,1,1,客家、闽,multi_family
93708,客家·电白海话、闽·涯话,2,2,1,1,客家·电白海话、闽·涯话,multi_family
93851,粤、客家,2,2,1,1,粤、客家,multi_family
93944,粤、闽,2,2,1,1,粤、闽,multi_family
93955,粤、客家,2,2,1,1,粤、客家,multi_family
93957,客家·电白黎话、闽·涯话,2,2,1,1,客家·电白黎话、闽·涯话,multi_family
93958,客家·电白黎话、闽·涯话,2,2,1,1,客家·电白黎话、闽·涯话,multi_family
93979,客家·涯话、客家·电白黎话、闽·涯话,3,2,4,2,"客家·涯话,客家·电白黎话、闽·涯话",multi_family | multi_component
94007,客家·电白海话、闽·涯话,2,2,1,1,客家·电白海话、闽·涯话,multi_family
94023,粤·电白海话、闽·阳江话,2,2,1,1,粤·电白海话、闽·阳江话,multi_family
94026,客家·电白海话、闽·涯话,2,2,1,1,客家·电白海话、闽·涯话,multi_family
94089,粤、客家,2,2,1,1,粤、客家,multi_family
94252,粤、客家,2,2,1,1,粤、客家,multi_family
94262,粤、客家,2,2,1,1,粤、客家,multi_family
94336,粤、客家,2,2,1,1,粤、客家,multi_family
94349,粤、客家,2,2,1,1,粤、客家,multi_family
94352,粤、客家,2,2,1,1,粤、客家,multi_family
94366,粤、客家,2,2,1,1,粤、客家,multi_family
94368,粤、客家,2,2,1,1,粤、客家,multi_family
94369,粤、客家,2,2,1,1,粤、客家,multi_family
94370,粤、客家,2,2,1,1,粤、客家,multi_family
94372,粤、客家,2,2,1,1,粤、客家,multi_family
94373,粤、客家,2,2,1,1,粤、客家,multi_family
94374,粤、客家,2,2,1,1,粤、客家,multi_family
94528,粤、客家,2,2,1,1,粤、客家,multi_family
94672,闽·电白黎话、粤,2,2,3,2,"闽·电白黎话,粤、闽",bare_and_detail_mixed_keep_as_is | multi_family
94835,粤、闽,2,2,1,1,粤、闽,multi_family
94906,粤、闽,2,2,1,1,粤、闽,multi_family
94908,粤、闽,2,2,1,1,粤、闽,multi_family
94911,粤、闽,2,2,1,1,粤、闽,multi_family
94913,粤、闽,2,2,1,1,粤、闽,multi_family
94915,粤、闽,2,2,1,1,粤、闽,multi_family
94917,粤、闽,2,2,1,1,粤、闽,multi_family
94918,粤、闽,2,2,1,1,粤、闽,multi_family
94919,粤、闽,2,2,1,1,粤、闽,multi_family
95087,粤、闽,2,2,1,1,粤、闽,multi_family
95181,闽·电白黎话、粤,2,2,2,2,"闽·电白黎话,粤",bare_and_detail_mixed_keep_as_is | multi_family
95329,粤、客家,2,2,1,1,粤、客家,multi_family
95704,粤、闽,2,2,1,1,粤、闽,multi_family
95709,客家、闽,2,2,1,1,客家、闽,multi_family
95744,粤、闽,2,2,1,1,粤、闽,multi_family
95765,粤、闽,2,2,1,1,粤、闽,multi_family
95848,客家·电白海话、闽·涯话,2,2,1,1,客家·电白海话、闽·涯话,multi_family
96241,粤、客家,2,2,1,1,粤、客家,multi_family
96336,粤、客家,2,2,1,1,粤、客家,multi_family
96467,粤、客家,2,2,1,1,粤、客家,multi_family
96569,粤、闽,2,2,1,1,粤、闽,multi_family
96571,粤、闽,2,2,1,1,粤、闽,multi_family
96686,粤、闽·电白黎话,2,2,4,2,"粤,闽·电白黎话",bare_and_detail_mixed_keep_as_is | multi_family
99179,粤、客家,2,2,1,1,粤、客家,multi_family
99180,粤、客家,2,2,1,1,粤、客家,multi_family
99242,粤、客家,2,2,1,1,粤、客家,multi_family
100129,粤、客家,2,2,1,1,粤、客家,multi_family
101244,客家、粤,2,2,3,2,"客家,粤",multi_family
103842,粤、使用方言（广府民系方言）,2,2,2,2,"粤,使用方言（广府民系方言）",multi_family
105330,粤、客家,2,2,1,1,粤、客家,multi_family
105332,粤、客家,2,2,1,1,粤、客家,multi_family
105333,粤、客家,2,2,1,1,粤、客家,multi_family
105350,粤、客家,2,2,1,1,粤、客家,multi_family
105352,粤、客家,2,2,1,1,粤、客家,multi_family
105353,粤、客家,2,2,1,1,粤、客家,multi_family
105354,粤、客家,2,2,1,1,粤、客家,multi_family
105357,粤、客家,2,2,1,1,粤、客家,multi_family
105359,粤、客家,2,2,1,1,粤、客家,multi_family
105360,粤、客家,2,2,1,1,粤、客家,multi_family
105362,粤、客家,2,2,1,1,粤、客家,multi_family
105363,粤、客家,2,2,1,1,粤、客家,multi_family
105365,粤、客家,2,2,1,1,粤、客家,multi_family
105366,粤、客家,2,2,1,1,粤、客家,multi_family
105367,粤、客家,2,2,1,1,粤、客家,multi_family
105368,粤、客家,2,2,1,1,粤、客家,multi_family
105370,粤、客家,2,2,1,1,粤、客家,multi_family
105371,粤、客家,2,2,1,1,粤、客家,multi_family
105373,粤、客家,2,2,1,1,粤、客家,multi_family
105513,粤、客家,2,2,1,1,粤、客家,multi_family
105517,粤、客家,2,2,1,1,粤、客家,multi_family
105520,粤、客家,2,2,1,1,粤、客家,multi_family
105523,粤、客家,2,2,1,1,粤、客家,multi_family
105525,粤、客家,2,2,1,1,粤、客家,multi_family
105528,粤、客家,2,2,1,1,粤、客家,multi_family
105529,粤、客家,2,2,1,1,粤、客家,multi_family
105530,粤、客家,2,2,1,1,粤、客家,multi_family
105534,粤、客家,2,2,1,1,粤、客家,multi_family
105535,粤、客家,2,2,1,1,粤、客家,multi_family
105536,粤、客家,2,2,1,1,粤、客家,multi_family
105539,粤、客家,2,2,1,1,粤、客家,multi_family
105728,客家、粤,2,2,16,2,"客家,粤、客家",multi_family
105732,粤、客家,2,2,1,1,粤、客家,multi_family
105736,粤、客家,2,2,1,1,粤、客家,multi_family
105738,粤、客家,2,2,1,1,粤、客家,multi_family
105773,粤、客家,2,2,2,1,粤、客家,multi_family
105775,粤、客家,2,2,1,1,粤、客家,multi_family
105781,粤、客家,2,2,1,1,粤、客家,multi_family
105783,粤、客家,2,2,1,1,粤、客家,multi_family
105799,客家、粤,2,2,2,2,"客家,粤",multi_family
105966,粤、客家,2,2,1,1,粤、客家,multi_family
105976,粤、客家,2,2,1,1,粤、客家,multi_family
105987,粤、客家,2,2,1,1,粤、客家,multi_family
107824,客家、粤,2,2,2,2,"客家,粤",multi_family
108450,粤、客家,2,2,1,1,粤、客家,multi_family
110291,粤、客家,2,2,27,2,"粤,客家",multi_family
110438,粤、客家,2,2,1,1,粤、客家,multi_family
110518,粤、客家,2,2,1,1,粤、客家,multi_family
110519,粤、客家,2,2,1,1,粤、客家,multi_family
110527,粤、客家,2,2,27,2,"粤、客家,粤",multi_family
110528,粤、客家,2,2,1,1,粤、客家,multi_family
110964,粤、客家,2,2,18,2,"粤,客家",multi_family
111037,粤、客家,2,2,1,1,粤、客家,multi_family
111300,粤、客家,2,2,1,1,粤、客家,multi_family
111301,粤、客家,2,2,1,1,粤、客家,multi_family
111310,粤、客家,2,2,1,1,粤、客家,multi_family
111322,粤、客家,2,2,1,1,粤、客家,multi_family
111720,粤、客家,2,2,1,1,粤、客家,multi_family
111751,粤、客家,2,2,13,3,"粤,粤、客家,",multi_family
112155,粤、客家,2,2,1,1,粤、客家,multi_family
112243,客家、粤,2,2,6,2,"客家,粤",multi_family
112262,粤、客家,2,2,1,1,粤、客家,multi_family
112264,粤、客家,2,2,1,1,粤、客家,multi_family
112276,粤、客家,2,2,1,1,粤、客家,multi_family
112318,粤、客家,2,2,1,1,粤、客家,multi_family
112341,粤、客家,2,2,1,1,粤、客家,multi_family
112344,粤、客家,2,2,1,1,粤、客家,multi_family
112346,粤、客家,2,2,1,1,粤、客家,multi_family
112347,粤、客家,2,2,1,1,粤、客家,multi_family
112351,粤、客家,2,2,1,1,粤、客家,multi_family
112359,粤、客家,2,2,1,1,粤、客家,multi_family
112465,粤、客家,2,2,1,1,粤、客家,multi_family
112580,粤、客家,2,2,1,1,粤、客家,multi_family
112873,粤、闽,2,2,8,2,"粤,闽",multi_family
113555,粤、闽,2,2,7,2,"粤,闽",multi_family
113584,闽、粤,2,2,5,2,"闽,粤",multi_family
113596,粤、闽,2,2,1,1,粤、闽,multi_family
113612,粤、闽,2,2,3,2,"粤,闽",multi_family
113618,粤、闽,2,2,1,1,粤、闽,multi_family
113619,粤、闽,2,2,1,1,粤、闽,multi_family
113622,粤、闽,2,2,1,1,粤、闽,multi_family
113623,粤、闽,2,2,1,1,粤、闽,multi_family
113624,粤、闽,2,2,1,1,粤、闽,multi_family
113625,粤、闽,2,2,1,1,粤、闽,multi_family
113626,粤、闽,2,2,1,1,粤、闽,multi_family
113627,粤、闽,2,2,1,1,粤、闽,multi_family
113628,粤、闽,2,2,12,1,粤、闽,multi_family
113629,粤、闽,2,2,1,1,粤、闽,multi_family
113631,粤、闽,2,2,1,1,粤、闽,multi_family
113632,粤、闽,2,2,1,1,粤、闽,multi_family
113634,粤、闽,2,2,1,1,粤、闽,multi_family
113635,粤、闽,2,2,1,1,粤、闽,multi_family
113636,粤、闽,2,2,1,1,粤、闽,multi_family
113637,粤、闽,2,2,1,1,粤、闽,multi_family
113639,粤、闽,2,2,1,1,粤、闽,multi_family
113658,粤、闽,2,2,1,1,粤、闽,multi_family
113659,粤、闽,2,2,1,1,粤、闽,multi_family
113660,粤、闽,2,2,1,1,粤、闽,multi_family
113661,粤、闽,2,2,1,1,粤、闽,multi_family
113662,粤、闽,2,2,1,1,粤、闽,multi_family
113663,粤、闽,2,2,1,1,粤、闽,multi_family
113664,粤、闽,2,2,1,1,粤、闽,multi_family
113665,粤、闽,2,2,1,1,粤、闽,multi_family
113666,粤、闽,2,2,1,1,粤、闽,multi_family
113667,粤、闽,2,2,1,1,粤、闽,multi_family
113668,粤、闽,2,2,1,1,粤、闽,multi_family
113670,粤、闽,2,2,1,1,粤、闽,multi_family
113671,粤、闽,2,2,1,1,粤、闽,multi_family
113673,粤、闽,2,2,1,1,粤、闽,multi_family
113675,粤、闽,2,2,3,1,粤、闽,multi_family
113678,粤、闽,2,2,1,1,粤、闽,multi_family
113681,粤、闽,2,2,1,1,粤、闽,multi_family
113682,粤、闽,2,2,1,1,粤、闽,multi_family
113684,粤、闽,2,2,1,1,粤、闽,multi_family
113690,粤、闽,2,2,1,1,粤、闽,multi_family
113703,粤、闽,2,2,1,1,粤、闽,multi_family
113704,粤、闽,2,2,1,1,粤、闽,multi_family
113705,粤、闽,2,2,8,2,"粤、闽,闽",multi_family
113706,粤、闽,2,2,1,1,粤、闽,multi_family
113707,粤、闽,2,2,1,1,粤、闽,multi_family
113708,粤、闽,2,2,1,1,粤、闽,multi_family
113713,粤、闽,2,2,1,1,粤、闽,multi_family
113714,粤、闽,2,2,1,1,粤、闽,multi_family
113717,粤、闽,2,2,1,1,粤、闽,multi_family
113719,粤、闽,2,2,1,1,粤、闽,multi_family
113720,粤、闽,2,2,1,1,粤、闽,multi_family
113743,粤、闽,2,2,1,1,粤、闽,multi_family
113744,粤、闽,2,2,1,1,粤、闽,multi_family
113746,粤、闽,2,2,1,1,粤、闽,multi_family
113748,粤、闽,2,2,1,1,粤、闽,multi_family
113749,粤、闽,2,2,1,1,粤、闽,multi_family
114032,粤、客家,2,2,1,1,粤、客家,multi_family
114179,粤、闽,2,2,1,1,粤、闽,multi_family
114194,粤、客家,2,2,1,1,粤、客家,multi_family
114199,粤、客家,2,2,1,1,粤、客家,multi_family
114200,粤、客家,2,2,1,1,粤、客家,multi_family
114201,粤、客家,2,2,1,1,粤、客家,multi_family
114203,粤、客家,2,2,1,1,粤、客家,multi_family
114206,粤、客家,2,2,1,1,粤、客家,multi_family
114211,粤、客家,2,2,1,1,粤、客家,multi_family
114214,粤、客家,2,2,1,1,粤、客家,multi_family
114216,粤、客家,2,2,1,1,粤、客家,multi_family
114225,粤、客家,2,2,1,1,粤、客家,multi_family
114232,粤、客家,2,2,1,1,粤、客家,multi_family
114292,闽、粤,2,2,26,2,"闽,粤",multi_family
114328,粤、闽,2,2,1,1,粤、闽,multi_family
114680,粤、客家,2,2,1,1,粤、客家,multi_family
114681,粤、客家,2,2,1,1,粤、客家,multi_family
114685,粤、客家,2,2,1,1,粤、客家,multi_family
114690,粤、客家,2,2,1,1,粤、客家,multi_family
114699,粤、客家,2,2,1,1,粤、客家,multi_family
114705,粤、客家,2,2,1,1,粤、客家,multi_family
114706,粤、客家,2,2,1,1,粤、客家,multi_family
114940,粤、客家,2,2,1,1,粤、客家,multi_family
114941,粤、客家,2,2,1,1,粤、客家,multi_family
114949,粤、客家,2,2,1,1,粤、客家,multi_family
114957,粤、客家,2,2,1,1,粤、客家,multi_family
114961,粤、客家,2,2,1,1,粤、客家,multi_family
115019,粤、客家,2,2,1,1,粤、客家,multi_family
115027,粤、客家,2,2,1,1,粤、客家,multi_family
115031,粤、客家,2,2,1,1,粤、客家,multi_family
115094,粤、客家,2,2,1,1,粤、客家,multi_family
117266,粤、客家,2,2,13,2,"粤,粤、客家",multi_family
119998,粤、客家,2,2,1,1,粤、客家,multi_family
120001,粤、客家,2,2,1,1,粤、客家,multi_family
120010,粤、客家,2,2,1,1,粤、客家,multi_family
120028,粤、客家,2,2,1,1,粤、客家,multi_family
120031,粤、客家,2,2,1,1,粤、客家,multi_family
120114,粤、客家,2,2,1,1,粤、客家,multi_family
120116,粤、客家,2,2,1,1,粤、客家,multi_family
120121,粤、客家,2,2,1,1,粤、客家,multi_family
120145,粤、客家,2,2,1,1,粤、客家,multi_family
120637,粤、客家,2,2,1,1,粤、客家,multi_family
120673,粤、客家,2,2,1,1,粤、客家,multi_family
120863,客家、粤,2,2,3,2,"客家,粤",multi_family
123411,粤、客家,2,2,1,1,粤、客家,multi_family
123413,粤、客家,2,2,2,2,"粤,客家",multi_family
123417,粤、客家,2,2,1,1,粤、客家,multi_family
123422,粤、客家,2,2,1,1,粤、客家,multi_family
123424,粤、客家,2,2,1,1,粤、客家,multi_family
123433,粤、客家,2,2,1,1,粤、客家,multi_family
123447,粤、客家,2,2,1,1,粤、客家,multi_family
123448,粤、客家,2,2,1,1,粤、客家,multi_family
123449,粤、客家,2,2,1,1,粤、客家,multi_family
123528,粤、客家,2,2,1,1,粤、客家,multi_family
123537,粤、客家,2,2,1,1,粤、客家,multi_family
123559,粤、客家,2,2,1,1,粤、客家,multi_family
123589,粤、客家,2,2,1,1,粤、客家,multi_family
123607,粤、客家,2,2,1,1,粤、客家,multi_family
123612,粤、客家,2,2,8,3,"粤,粤、客家,客家",multi_family
123655,粤、客家,2,2,1,1,粤、客家,multi_family
123813,粤、客家,2,2,1,1,粤、客家,multi_family
125517,粤、客家,2,2,1,1,粤、客家,multi_family
125545,粤、客家,2,2,1,1,粤、客家,multi_family
134018,客家、闽,2,2,1,1,客家、闽,multi_family
134042,客家、闽,2,2,1,1,客家、闽,multi_family
145567,客家、闽,2,2,1,1,客家、闽,multi_family
165538,粤、客家,2,2,1,1,粤、客家,multi_family
165545,粤、客家,2,2,1,1,粤、客家,multi_family
165552,粤、客家,2,2,1,1,粤、客家,multi_family
165664,粤、客家,2,2,1,1,粤、客家,multi_family
165679,粤、客家,2,2,1,1,粤、客家,multi_family
165697,粤、客家,2,2,1,1,粤、客家,multi_family
165929,粤、客家,2,2,1,1,粤、客家,multi_family
165955,粤、客家,2,2,1,1,粤、客家,multi_family
166018,粤、客家,2,2,1,1,粤、客家,multi_family
166059,粤、客家,2,2,1,1,粤、客家,multi_family
166089,粤、客家,2,2,1,1,粤、客家,multi_family
166306,客家、粤,2,2,8,2,"客家,粤",multi_family
167706,粤、客家,2,2,1,1,粤、客家,multi_family
167711,粤、客家,2,2,1,1,粤、客家,multi_family
167815,粤、少数民族,2,2,1,1,粤、少数民族,multi_family
167819,粤、少数民族,2,2,1,1,粤、少数民族,multi_family
167831,粤、少数民族,2,2,1,1,粤、少数民族,multi_family
167882,客家、少数民族,2,2,1,1,客家、少数民族,multi_family
167884,少数民族·连山壮话、粤、客家,3,3,12,5,"少数民族·连山壮话,粤、客家,客家、少数民族,客家,粤",bare_and_detail_mixed_keep_as_is | multi_family | multi_component
167885,粤、少数民族,2,2,1,1,粤、少数民族,multi_family
167886,客家、少数民族,2,2,1,1,客家、少数民族,multi_family
167888,客家、少数民族,2,2,1,1,客家、少数民族,multi_family
167889,粤、客家、少数民族,3,3,1,1,粤、客家、少数民族,multi_family | multi_component
167896,粤、客家、少数民族,3,3,1,1,粤、客家、少数民族,multi_family | multi_component
167901,客家、少数民族,2,2,1,1,客家、少数民族,multi_family
168022,粤·连山壮话、少数民族·怀集话,2,2,1,1,粤·连山壮话、少数民族·怀集话,multi_family
168044,少数民族·连山壮话、粤、客家,3,3,83,8,"少数民族·连山壮话,粤、少数民族,客家,客家、少数民族,粤,粤、客家、少数民族,粤、客家,少数民族",bare_and_detail_mixed_keep_as_is | multi_family | multi_component
168052,粤·连山壮话、少数民族·怀集话,2,2,1,1,粤·连山壮话、少数民族·怀集话,multi_family
168053,粤、少数民族,2,2,1,1,粤、少数民族,multi_family
168067,粤·连山壮话、少数民族·怀集话,2,2,1,1,粤·连山壮话、少数民族·怀集话,multi_family
168072,粤·连山壮话、少数民族·怀集话,2,2,1,1,粤·连山壮话、少数民族·怀集话,multi_family
168076,粤·连山壮话、少数民族·怀集话,2,2,1,1,粤·连山壮话、少数民族·怀集话,multi_family
168130,粤、客家、少数民族·连山壮话,3,3,2,2,"粤、客家、少数民族,少数民族·连山壮话",bare_and_detail_mixed_keep_as_is | multi_family | multi_component
168144,粤·连山壮话、少数民族·怀集话,2,2,1,1,粤·连山壮话、少数民族·怀集话,multi_family
168159,粤·连山壮话、少数民族·怀集话,2,2,1,1,粤·连山壮话、少数民族·怀集话,multi_family
168195,少数民族·连山壮话、粤·怀集话,2,2,2,2,"少数民族·连山壮话,粤·怀集话",multi_family
168648,粤、土话,2,2,1,1,粤、土话,multi_family
168992,粤、客家,2,2,1,1,粤、客家,multi_family
169010,粤、客家,2,2,1,1,粤、客家,multi_family
169017,粤、客家,2,2,1,1,粤、客家,multi_family
169161,粤、客家,2,2,1,1,粤、客家,multi_family
169163,粤、客家,2,2,1,1,粤、客家,multi_family
169212,粤、客家,2,2,1,1,粤、客家,multi_family
169233,粤、客家,2,2,1,1,粤、客家,multi_family
169265,粤、客家,2,2,1,1,粤、客家,multi_family
169295,客家、粤·四会话,2,2,8,3,"客家,粤、客家,粤·四会话",bare_and_detail_mixed_keep_as_is | multi_family
169320,粤、客家,2,2,1,1,粤、客家,multi_family
169335,粤、客家,2,2,1,1,粤、客家,multi_family
169508,粤、客家,2,2,2,2,"粤,客家",multi_family
169609,客家、粤、少数民族,3,3,6,3,"客家,粤,少数民族",multi_family | multi_component
169895,粤、客家,2,2,1,1,粤、客家,multi_family
170017,粤、客家,2,2,1,1,粤、客家,multi_family
170166,粤、客家,2,2,1,1,粤、客家,multi_family
170818,粤、客家,2,2,1,1,粤、客家,multi_family
170833,粤、客家,2,2,1,1,粤、客家,multi_family
170835,粤、客家,2,2,1,1,粤、客家,multi_family
170884,粤、客家,2,2,1,1,粤、客家,multi_family
170916,粤、客家,2,2,1,1,粤、客家,multi_family
171009,粤、客家,2,2,1,1,粤、客家,multi_family
171010,粤、客家,2,2,1,1,粤、客家,multi_family
171011,粤、客家,2,2,1,1,粤、客家,multi_family
171012,粤、客家,2,2,1,1,粤、客家,multi_family
171014,粤、客家,2,2,3,2,"粤、客家,粤",multi_family
171019,粤、客家,2,2,1,1,粤、客家,multi_family
171021,粤、客家,2,2,1,1,粤、客家,multi_family
171022,粤、客家,2,2,1,1,粤、客家,multi_family
171023,粤、客家,2,2,1,1,粤、客家,multi_family
171029,粤、客家,2,2,1,1,粤、客家,multi_family
171101,粤、客家,2,2,28,2,"粤,粤、客家",multi_family
171110,粤、客家,2,2,1,1,粤、客家,multi_family
171207,粤、客家,2,2,1,1,粤、客家,multi_family
171225,粤、客家,2,2,1,1,粤、客家,multi_family
171234,粤、客家,2,2,1,1,粤、客家,multi_family
171543,粤、闽,2,2,1,1,粤、闽,multi_family
171546,粤、闽,2,2,1,1,粤、闽,multi_family
171547,客家、粤,2,2,2,2,"客家,粤",multi_family
171585,粤、客家,2,2,1,1,粤、客家,multi_family
171586,粤、客家,2,2,1,1,粤、客家,multi_family
171594,粤、客家,2,2,1,1,粤、客家,multi_family
171611,粤、客家,2,2,1,1,粤、客家,multi_family
171616,粤、客家,2,2,1,1,粤、客家,multi_family
171619,粤、客家,2,2,1,1,粤、客家,multi_family
171625,粤、客家,2,2,1,1,粤、客家,multi_family
171633,粤、客家,2,2,1,1,粤、客家,multi_family
171637,粤、客家,2,2,1,1,粤、客家,multi_family
171640,粤、客家,2,2,1,1,粤、客家,multi_family
171648,粤、客家,2,2,1,1,粤、客家,multi_family
171651,粤、客家,2,2,1,1,粤、客家,multi_family
171655,粤、客家,2,2,1,1,粤、客家,multi_family
171666,粤、客家,2,2,1,1,粤、客家,multi_family
171731,客家、粤,2,2,2,2,"客家,粤、客家",multi_family
171782,粤、客家,2,2,1,1,粤、客家,multi_family
171819,粤、客家,2,2,1,1,粤、客家,multi_family
171820,粤、客家、闽,3,3,1,1,粤、客家、闽,multi_family | multi_component
171867,粤、闽,2,2,1,1,粤、闽,multi_family
171877,粤、客家,2,2,1,1,粤、客家,multi_family
171893,粤、客家,2,2,1,1,粤、客家,multi_family
171897,粤、客家,2,2,1,1,粤、客家,multi_family
171919,粤、客家,2,2,1,1,粤、客家,multi_family
171927,粤、客家,2,2,1,1,粤、客家,multi_family
173134,粤、客家,2,2,1,1,粤、客家,multi_family
173422,客家、粤·清远白话,2,2,2,2,"客家,粤·清远白话",bare_and_detail_mixed_keep_as_is | multi_family
175082,粤·蛇声、客家,2,2,2,2,"粤·蛇声,客家",bare_and_detail_mixed_keep_as_is | multi_family
175084,客家、粤·蛇声,2,2,3,2,"客家,粤·蛇声",bare_and_detail_mixed_keep_as_is | multi_family
176087,粤、客家,2,2,1,1,粤、客家,multi_family
176088,粤、客家,2,2,1,1,粤、客家,multi_family
176530,粤、客家,2,2,1,1,粤、客家,multi_family
176535,粤、客家,2,2,1,1,粤、客家,multi_family
176542,粤、客家,2,2,1,1,粤、客家,multi_family
176545,粤、客家,2,2,1,1,粤、客家,multi_family
176546,粤、客家,2,2,1,1,粤、客家,multi_family
176548,粤、客家,2,2,1,1,粤、客家,multi_family
176605,粤、客家,2,2,1,1,粤、客家,multi_family
176606,粤、客家,2,2,1,1,粤、客家,multi_family
176607,粤、客家,2,2,1,1,粤、客家,multi_family
176608,粤、客家,2,2,1,1,粤、客家,multi_family
176610,粤、客家,2,2,1,1,粤、客家,multi_family
176611,粤、客家,2,2,1,1,粤、客家,multi_family
176615,粤、客家,2,2,1,1,粤、客家,multi_family
176616,粤、客家,2,2,1,1,粤、客家,multi_family
176618,粤、客家,2,2,1,1,粤、客家,multi_family
176621,粤、客家,2,2,1,1,粤、客家,multi_family
176623,粤、客家,2,2,1,1,粤、客家,multi_family
176624,粤、客家,2,2,1,1,粤、客家,multi_family
176625,粤、客家,2,2,1,1,粤、客家,multi_family
176627,粤、客家,2,2,1,1,粤、客家,multi_family
176629,粤、客家,2,2,1,1,粤、客家,multi_family
176650,粤、客家,2,2,1,1,粤、客家,multi_family
176661,粤、客家,2,2,1,1,粤、客家,multi_family
176664,粤、客家,2,2,1,1,粤、客家,multi_family
176668,粤、客家,2,2,1,1,粤、客家,multi_family
176677,粤、客家,2,2,1,1,粤、客家,multi_family
176679,粤、客家,2,2,1,1,粤、客家,multi_family
176680,粤、客家,2,2,1,1,粤、客家,multi_family
176681,粤、客家,2,2,1,1,粤、客家,multi_family
176682,粤、客家,2,2,1,1,粤、客家,multi_family
176683,粤、客家,2,2,1,1,粤、客家,multi_family
176684,粤、客家,2,2,1,1,粤、客家,multi_family
176685,粤、客家,2,2,1,1,粤、客家,multi_family
176686,粤、客家,2,2,1,1,粤、客家,multi_family
176687,粤、客家,2,2,1,1,粤、客家,multi_family
176689,粤、客家,2,2,1,1,粤、客家,multi_family
176691,粤、客家,2,2,1,1,粤、客家,multi_family
176852,粤·清远白话、客家,2,2,28,2,"粤·清远白话,粤、客家",bare_and_detail_mixed_keep_as_is | multi_family
176903,粤、客家,2,2,1,1,粤、客家,multi_family
177349,粤、客家,2,2,1,1,粤、客家,multi_family
177406,粤、客家,2,2,1,1,粤、客家,multi_family
177411,粤、客家,2,2,1,1,粤、客家,multi_family
177414,粤、客家,2,2,1,1,粤、客家,multi_family
177880,粤、客家,2,2,1,1,粤、客家,multi_family
177882,粤、客家,2,2,1,1,粤、客家,multi_family
177884,粤、客家,2,2,1,1,粤、客家,multi_family
177888,粤、客家,2,2,1,1,粤、客家,multi_family
177892,粤、客家,2,2,1,1,粤、客家,multi_family
177893,粤、客家,2,2,1,1,粤、客家,multi_family
177897,粤、客家,2,2,1,1,粤、客家,multi_family
177901,粤、客家,2,2,1,1,粤、客家,multi_family
177902,粤、客家,2,2,1,1,粤、客家,multi_family
177905,粤、客家,2,2,1,1,粤、客家,multi_family
177906,粤、客家,2,2,1,1,粤、客家,multi_family
177907,粤、客家,2,2,1,1,粤、客家,multi_family
177908,粤、客家,2,2,1,1,粤、客家,multi_family
177909,粤、客家,2,2,1,1,粤、客家,multi_family
177910,粤、客家,2,2,1,1,粤、客家,multi_family
177911,粤、客家,2,2,1,1,粤、客家,multi_family
177915,粤、客家,2,2,1,1,粤、客家,multi_family
177975,粤、客家,2,2,1,1,粤、客家,multi_family
177976,粤、客家,2,2,1,1,粤、客家,multi_family
177982,粤、客家,2,2,1,1,粤、客家,multi_family
177988,粤、客家,2,2,1,1,粤、客家,multi_family
177996,粤、客家,2,2,1,1,粤、客家,multi_family
178005,粤·清远白话、客家,2,2,2,2,"粤、客家,粤·清远白话",bare_and_detail_mixed_keep_as_is | multi_family
178024,粤、客家,2,2,1,1,粤、客家,multi_family
178053,粤、客家,2,2,1,1,粤、客家,multi_family
178055,粤、客家,2,2,1,1,粤、客家,multi_family
178061,粤、客家,2,2,1,1,粤、客家,multi_family
178062,粤、客家,2,2,1,1,粤、客家,multi_family
178079,粤、客家,2,2,1,1,粤、客家,multi_family
178080,粤、客家,2,2,3,2,",粤、客家",multi_family
178110,粤、客家,2,2,1,1,粤、客家,multi_family
178165,粤、客家,2,2,1,1,粤、客家,multi_family
178171,粤、客家,2,2,1,1,粤、客家,multi_family
178172,粤、客家,2,2,1,1,粤、客家,multi_family
178174,粤、客家,2,2,1,1,粤、客家,multi_family
178181,粤、客家,2,2,1,1,粤、客家,multi_family
178184,粤、客家,2,2,1,1,粤、客家,multi_family
178186,粤、客家,2,2,1,1,粤、客家,multi_family
178187,粤、客家,2,2,2,1,粤、客家,multi_family
178305,粤、客家,2,2,1,1,粤、客家,multi_family
178306,粤、客家,2,2,1,1,粤、客家,multi_family
178307,粤、客家,2,2,1,1,粤、客家,multi_family
178308,粤、客家,2,2,1,1,粤、客家,multi_family
178312,粤、客家,2,2,1,1,粤、客家,multi_family
178321,粤、客家,2,2,1,1,粤、客家,multi_family
178322,粤、客家,2,2,1,1,粤、客家,multi_family
178324,粤、客家,2,2,1,1,粤、客家,multi_family
178329,粤、客家,2,2,1,1,粤、客家,multi_family
178336,粤·清远白话、客家,2,2,3,2,"粤·清远白话,客家",bare_and_detail_mixed_keep_as_is | multi_family
178349,粤、客家,2,2,1,1,粤、客家,multi_family
178368,粤、客家,2,2,1,1,粤、客家,multi_family
178370,粤、客家,2,2,1,1,粤、客家,multi_family
178379,粤、客家,2,2,1,1,粤、客家,multi_family
178393,粤、客家,2,2,1,1,粤、客家,multi_family
178395,粤、客家,2,2,1,1,粤、客家,multi_family
178415,粤、客家,2,2,2,1,粤、客家,multi_family
178767,粤、客家,2,2,1,1,粤、客家,multi_family
178775,粤、客家,2,2,1,1,粤、客家,multi_family
178792,粤、客家,2,2,1,1,粤、客家,multi_family
178802,粤、客家,2,2,1,1,粤、客家,multi_family
178815,粤、客家,2,2,1,1,粤、客家,multi_family
178829,粤、客家,2,2,1,1,粤、客家,multi_family
178844,粤、客家,2,2,1,1,粤、客家,multi_family
178849,粤、客家,2,2,1,1,粤、客家,multi_family
178854,粤、客家,2,2,1,1,粤、客家,multi_family
178872,粤、客家,2,2,1,1,粤、客家,multi_family
178896,粤、客家,2,2,5,3,"粤,客家,粤、客家",multi_family
179054,粤、客家,2,2,1,1,粤、客家,multi_family
179101,粤、客家,2,2,1,1,粤、客家,multi_family
182265,粤、客家,2,2,8,2,"粤,客家",multi_family
182644,客家、粤,2,2,2,2,"客家,粤",multi_family
182746,粤、客家,2,2,1,1,粤、客家,multi_family
182761,粤、客家,2,2,1,1,粤、客家,multi_family
182965,粤、闽,2,2,1,1,粤、闽,multi_family
183059,粤、客家,2,2,1,1,粤、客家,multi_family
183269,客家、闽,2,2,1,1,客家、闽,multi_family
183300,客家、粤,2,2,3,2,"客家,粤",multi_family
183305,粤、客家,2,2,1,1,粤、客家,multi_family
183377,粤、客家,2,2,23,3,"粤,,客家",multi_family
183583,粤、客家,2,2,24,2,"粤,客家",multi_family
184890,粤、客家,2,2,1,1,粤、客家,multi_family
184896,粤、客家,2,2,1,1,粤、客家,multi_family
184908,粤、客家、岩背方言,3,3,2,2,"粤、客家,岩背方言",multi_family | multi_component
184915,粤、客家,2,2,1,1,粤、客家,multi_family
184916,粤、客家,2,2,1,1,粤、客家,multi_family
184917,粤、客家,2,2,1,1,粤、客家,multi_family
184980,粤、客家,2,2,2,2,"粤,客家",multi_family
184996,客家、粤,2,2,31,3,"客家,粤、客家,",multi_family
185202,粤、广府民系，通用方言,2,2,2,2,"广府民系，通用方言,粤",multi_family
185334,粤、客家,2,2,1,1,粤、客家,multi_family
185339,粤、客家,2,2,1,1,粤、客家,multi_family
185348,粤、客家,2,2,1,1,粤、客家,multi_family
185352,粤、客家,2,2,1,1,粤、客家,multi_family
185353,粤、客家,2,2,1,1,粤、客家,multi_family
185357,粤、客家,2,2,1,1,粤、客家,multi_family
185359,粤、客家,2,2,1,1,粤、客家,multi_family
185376,粤、客家,2,2,1,1,粤、客家,multi_family
185383,粤、客家,2,2,1,1,粤、客家,multi_family
185384,粤、客家,2,2,1,1,粤、客家,multi_family
185385,粤、客家,2,2,1,1,粤、客家,multi_family
185387,粤、客家,2,2,1,1,粤、客家,multi_family
185389,粤、客家,2,2,1,1,粤、客家,multi_family
185391,粤、客家,2,2,1,1,粤、客家,multi_family
185407,粤、客家,2,2,1,1,粤、客家,multi_family
185429,粤、客家,2,2,1,1,粤、客家,multi_family
185440,粤、客家,2,2,1,1,粤、客家,multi_family
185444,粤、客家,2,2,1,1,粤、客家,multi_family
185453,粤、客家,2,2,1,1,粤、客家,multi_family
185475,粤、客家,2,2,1,1,粤、客家,multi_family
185478,粤、客家,2,2,1,1,粤、客家,multi_family
185485,粤、客家,2,2,1,1,粤、客家,multi_family
185486,粤、客家,2,2,1,1,粤、客家,multi_family
185493,粤、客家,2,2,1,1,粤、客家,multi_family
185505,粤、客家,2,2,1,1,粤、客家,multi_family
185506,粤、客家,2,2,1,1,粤、客家,multi_family
185509,粤、客家,2,2,1,1,粤、客家,multi_family
185513,粤、客家,2,2,1,1,粤、客家,multi_family
185548,粤、客家,2,2,1,1,粤、客家,multi_family
185551,粤、客家,2,2,1,1,粤、客家,multi_family
185554,粤、客家,2,2,1,1,粤、客家,multi_family
185556,粤、客家,2,2,1,1,粤、客家,multi_family
185557,粤、客家,2,2,1,1,粤、客家,multi_family
185559,粤、客家,2,2,1,1,粤、客家,multi_family
185560,粤、客家,2,2,1,1,粤、客家,multi_family
185561,粤、客家,2,2,1,1,粤、客家,multi_family
185564,粤、客家,2,2,1,1,粤、客家,multi_family
185567,粤、客家,2,2,1,1,粤、客家,multi_family
185568,粤、客家,2,2,1,1,粤、客家,multi_family
185570,粤、客家,2,2,1,1,粤、客家,multi_family
185572,粤、客家,2,2,1,1,粤、客家,multi_family
185573,粤、客家,2,2,1,1,粤、客家,multi_family
185576,粤、客家,2,2,1,1,粤、客家,multi_family
185579,粤、客家,2,2,1,1,粤、客家,multi_family
185582,粤、客家,2,2,1,1,粤、客家,multi_family
185615,粤、客家,2,2,1,1,粤、客家,multi_family
185618,粤、客家,2,2,1,1,粤、客家,multi_family
185623,粤、客家,2,2,1,1,粤、客家,multi_family
185629,粤、客家,2,2,1,1,粤、客家,multi_family
185657,粤、客家,2,2,1,1,粤、客家,multi_family
185658,粤、客家,2,2,1,1,粤、客家,multi_family
185663,粤、客家,2,2,1,1,粤、客家,multi_family
185664,粤、客家,2,2,1,1,粤、客家,multi_family
185666,粤、客家,2,2,1,1,粤、客家,multi_family
185672,粤、客家,2,2,1,1,粤、客家,multi_family
185674,粤、客家,2,2,1,1,粤、客家,multi_family
185675,粤、客家,2,2,1,1,粤、客家,multi_family
185677,粤、客家,2,2,1,1,粤、客家,multi_family
185678,粤、客家,2,2,1,1,粤、客家,multi_family
185679,粤、客家,2,2,1,1,粤、客家,multi_family
185680,粤、客家,2,2,1,1,粤、客家,multi_family
185682,粤、客家,2,2,1,1,粤、客家,multi_family
185684,粤、客家,2,2,1,1,粤、客家,multi_family
185687,粤、客家,2,2,1,1,粤、客家,multi_family
185689,粤、客家,2,2,1,1,粤、客家,multi_family
185693,粤、客家,2,2,1,1,粤、客家,multi_family
185697,粤、客家,2,2,1,1,粤、客家,multi_family
185702,粤、客家,2,2,1,1,粤、客家,multi_family
185703,粤、客家,2,2,1,1,粤、客家,multi_family
185706,粤、客家,2,2,1,1,粤、客家,multi_family
185709,粤、客家,2,2,1,1,粤、客家,multi_family
185714,粤、客家,2,2,1,1,粤、客家,multi_family
185719,粤、客家,2,2,1,1,粤、客家,multi_family
185720,粤、客家,2,2,1,1,粤、客家,multi_family
185724,粤、客家,2,2,1,1,粤、客家,multi_family
185727,粤、客家,2,2,1,1,粤、客家,multi_family
185729,粤、客家,2,2,1,1,粤、客家,multi_family
185731,粤、客家,2,2,1,1,粤、客家,multi_family
185734,粤、客家,2,2,1,1,粤、客家,multi_family
185735,粤、客家,2,2,1,1,粤、客家,multi_family
185746,粤、客家,2,2,1,1,粤、客家,multi_family
187965,客家、粤,2,2,12,2,"客家,粤",multi_family
188285,粤、客家,2,2,1,1,粤、客家,multi_family
188287,粤、客家,2,2,1,1,粤、客家,multi_family
188289,粤、客家,2,2,1,1,粤、客家,multi_family
188290,粤、客家,2,2,1,1,粤、客家,multi_family
188292,粤、客家,2,2,1,1,粤、客家,multi_family
188294,粤、客家,2,2,1,1,粤、客家,multi_family
188295,粤、客家,2,2,1,1,粤、客家,multi_family
188297,粤、客家,2,2,1,1,粤、客家,multi_family
188300,客家、粤,2,2,20,3,"客家,粤,粤、客家",multi_family
188398,粤、客家,2,2,1,1,粤、客家,multi_family
188399,粤、客家,2,2,27,3,"粤,客家,粤、客家",multi_family
188403,粤、客家,2,2,1,1,粤、客家,multi_family
188405,粤、客家,2,2,2,1,粤、客家,multi_family
188409,粤、客家,2,2,1,1,粤、客家,multi_family
189360,粤、客家、闽,3,3,8,2,"粤、客家、闽,",multi_family | multi_component
189425,粤、客家,2,2,1,1,粤、客家,multi_family
189807,客家、闽,2,2,1,1,客家、闽,multi_family
189894,客家、闽,2,2,1,1,客家、闽,multi_family
189929,客家、闽,2,2,1,1,客家、闽,multi_family
189931,客家、闽,2,2,1,1,客家、闽,multi_family
189954,客家、闽,2,2,1,1,客家、闽,multi_family
190125,客家、闽,2,2,1,1,客家、闽,multi_family
190760,客家、闽,2,2,1,1,客家、闽,multi_family
190814,客家、闽,2,2,1,1,客家、闽,multi_family
190869,客家、闽,2,2,1,1,客家、闽,multi_family
191390,客家、闽,2,2,1,1,客家、闽,multi_family
191464,客家、闽,2,2,1,1,客家、闽,multi_family
191517,客家、闽,2,2,1,1,客家、闽,multi_family
191521,客家、闽,2,2,1,1,客家、闽,multi_family
191545,客家、闽,2,2,3,1,客家、闽,multi_family
191839,客家、闽·潮汕话,2,2,3,2,"客家、闽,闽·潮汕话",bare_and_detail_mixed_keep_as_is | multi_family
191858,客家、闽,2,2,1,1,客家、闽,multi_family
194132,客家、闽,2,2,1,1,客家、闽,multi_family
194133,客家、闽,2,2,1,1,客家、闽,multi_family
194373,闽、粤,2,2,2,2,"闽,粤、闽",multi_family
194454,闽、客家,2,2,12,3,"闽,客家,客家、闽",multi_family
194508,闽·福佬话、客家·仁化董塘话、客家·仁化塞麻话、客家·仁化长江话、粤、土话·仁化塞麻话、少数民族·瑶族方言,7,5,206,13,",闽·福佬话,闽,客家·仁化董塘话,客家,客家·仁化塞麻话,粤,客家·仁化长江话,土话·仁化塞麻话,粤、客家,少数民族·瑶族方言,客家·仁化董塘话、少数民族·瑶族方言,客家、闽",bare_and_detail_mixed_keep_as_is | multi_family | multi_component
194746,客家、闽,2,2,1,1,客家、闽,multi_family
194768,客家、闽,2,2,1,1,客家、闽,multi_family
194775,客家、闽,2,2,1,1,客家、闽,multi_family
194777,客家、闽,2,2,1,1,客家、闽,multi_family
194779,客家、闽,2,2,1,1,客家、闽,multi_family
194780,客家、闽,2,2,1,1,客家、闽,multi_family
194804,粤、客家,2,2,1,1,粤、客家,multi_family
194848,客家、闽,2,2,1,1,客家、闽,multi_family
195182,客家、闽,2,2,1,1,客家、闽,multi_family
195186,客家、闽,2,2,1,1,客家、闽,multi_family
195188,客家、闽,2,2,1,1,客家、闽,multi_family
195194,客家、闽,2,2,1,1,客家、闽,multi_family
195196,客家、闽,2,2,1,1,客家、闽,multi_family
195197,客家、闽,2,2,1,1,客家、闽,multi_family
195199,客家、闽,2,2,1,1,客家、闽,multi_family
195200,客家、闽,2,2,2,1,客家、闽,multi_family
195201,客家、闽,2,2,1,1,客家、闽,multi_family
195202,客家、闽,2,2,1,1,客家、闽,multi_family
195216,客家、闽,2,2,1,1,客家、闽,multi_family
195222,客家、闽,2,2,1,1,客家、闽,multi_family
195224,客家、闽,2,2,1,1,客家、闽,multi_family
195225,客家、闽,2,2,1,1,客家、闽,multi_family
195227,客家、闽,2,2,1,1,客家、闽,multi_family
195228,客家、闽,2,2,1,1,客家、闽,multi_family
195230,客家、闽,2,2,3,2,"客家,客家、闽",multi_family
195235,客家、闽,2,2,1,1,客家、闽,multi_family
195239,客家、闽,2,2,1,1,客家、闽,multi_family
195240,客家、闽,2,2,1,1,客家、闽,multi_family
195285,客家、闽,2,2,1,1,客家、闽,multi_family
195289,客家、闽,2,2,1,1,客家、闽,multi_family
195290,客家、闽,2,2,1,1,客家、闽,multi_family
195291,客家、闽,2,2,1,1,客家、闽,multi_family
195293,客家、闽,2,2,1,1,客家、闽,multi_family
195294,客家、闽,2,2,1,1,客家、闽,multi_family
195315,客家、闽,2,2,1,1,客家、闽,multi_family
195316,客家、闽,2,2,1,1,客家、闽,multi_family
195317,客家、闽,2,2,1,1,客家、闽,multi_family
195324,闽、客家,2,2,2,2,"闽,客家",multi_family
195332,客家、闽,2,2,2,2,"客家,闽",multi_family
195334,客家、闽,2,2,1,1,客家、闽,multi_family
195342,客家、闽,2,2,1,1,客家、闽,multi_family
195343,客家、闽,2,2,4,1,客家、闽,multi_family
195344,客家、闽,2,2,1,1,客家、闽,multi_family
195346,客家、闽,2,2,4,1,客家、闽,multi_family
195347,客家、闽,2,2,1,1,客家、闽,multi_family
195348,客家、闽,2,2,1,1,客家、闽,multi_family
195351,客家、闽,2,2,1,1,客家、闽,multi_family
195352,客家、闽,2,2,1,1,客家、闽,multi_family
195353,客家、闽,2,2,1,1,客家、闽,multi_family
195358,客家、闽,2,2,1,1,客家、闽,multi_family
195372,客家、闽,2,2,1,1,客家、闽,multi_family
195484,客家、闽,2,2,1,1,客家、闽,multi_family
195486,客家、闽,2,2,1,1,客家、闽,multi_family
195630,客家、闽,2,2,1,1,客家、闽,multi_family
195797,客家、闽,2,2,1,1,客家、闽,multi_family
195801,客家、闽,2,2,1,1,客家、闽,multi_family
195802,客家、闽,2,2,1,1,客家、闽,multi_family
195807,客家、闽,2,2,1,1,客家、闽,multi_family
195811,客家、闽,2,2,1,1,客家、闽,multi_family
196055,闽、客家,2,2,20,2,"闽,客家",multi_family
196306,客家、闽,2,2,1,1,客家、闽,multi_family
196416,客家、闽,2,2,1,1,客家、闽,multi_family
196458,粤、客家,2,2,1,1,粤、客家,multi_family
196477,客家、闽,2,2,1,1,客家、闽,multi_family
196478,客家、闽,2,2,1,1,客家、闽,multi_family
196479,客家、闽,2,2,2,1,客家、闽,multi_family
196480,客家、闽,2,2,1,1,客家、闽,multi_family
196524,客家、闽,2,2,1,1,客家、闽,multi_family
196528,客家、闽,2,2,1,1,客家、闽,multi_family
196532,客家、闽,2,2,1,1,客家、闽,multi_family
196554,客家、闽,2,2,1,1,客家、闽,multi_family
196635,客家、闽,2,2,1,1,客家、闽,multi_family
196949,客家、闽,2,2,1,1,客家、闽,multi_family
197202,客家、闽,2,2,5,2,"客家,闽",multi_family
198433,客家、闽,2,2,5,2,"客家、闽,客家",multi_family
198924,客家、闽,2,2,1,1,客家、闽,multi_family
200454,客家、闽·潮汕话,2,2,9,2,"客家,闽·潮汕话",bare_and_detail_mixed_keep_as_is | multi_family
200504,客家、土话,2,2,1,1,客家、土话,multi_family
200511,客家、土话,2,2,1,1,客家、土话,multi_family
200512,客家、土话,2,2,1,1,客家、土话,multi_family
200513,客家、土话,2,2,1,1,客家、土话,multi_family
200515,客家、土话,2,2,1,1,客家、土话,multi_family
200516,客家、土话,2,2,1,1,客家、土话,multi_family
200517,客家、土话,2,2,1,1,客家、土话,multi_family
200518,客家、土话,2,2,1,1,客家、土话,multi_family
200519,客家、土话,2,2,1,1,客家、土话,multi_family
200522,客家、土话,2,2,1,1,客家、土话,multi_family
200523,客家、土话,2,2,1,1,客家、土话,multi_family
200524,客家、土话,2,2,1,1,客家、土话,multi_family
200525,客家、土话,2,2,1,1,客家、土话,multi_family
200527,客家、土话,2,2,1,1,客家、土话,multi_family
200531,客家、土话,2,2,1,1,客家、土话,multi_family
200534,客家、土话,2,2,1,1,客家、土话,multi_family
200537,客家、土话,2,2,1,1,客家、土话,multi_family
200538,客家、土话,2,2,1,1,客家、土话,multi_family
200544,客家、土话,2,2,1,1,客家、土话,multi_family
200546,客家、土话,2,2,1,1,客家、土话,multi_family
200547,客家、土话,2,2,1,1,客家、土话,multi_family
200553,客家、土话,2,2,1,1,客家、土话,multi_family
200554,客家、土话,2,2,1,1,客家、土话,multi_family
200555,客家、土话,2,2,1,1,客家、土话,multi_family
200582,客家、土话,2,2,1,1,客家、土话,multi_family
200583,客家、土话,2,2,1,1,客家、土话,multi_family
200585,客家、土话,2,2,1,1,客家、土话,multi_family
200586,客家、土话,2,2,1,1,客家、土话,multi_family
200587,客家、土话,2,2,1,1,客家、土话,multi_family
200588,客家、土话,2,2,1,1,客家、土话,multi_family
200590,客家、土话,2,2,1,1,客家、土话,multi_family
200592,客家、土话,2,2,1,1,客家、土话,multi_family
200593,客家、土话,2,2,1,1,客家、土话,multi_family
200594,客家、土话,2,2,1,1,客家、土话,multi_family
200600,客家、土话,2,2,1,1,客家、土话,multi_family
200605,客家、土话,2,2,1,1,客家、土话,multi_family
200607,客家、土话,2,2,1,1,客家、土话,multi_family
200609,客家、土话,2,2,1,1,客家、土话,multi_family
200617,客家、土话,2,2,1,1,客家、土话,multi_family
200618,客家、土话,2,2,1,1,客家、土话,multi_family
200620,客家、土话,2,2,1,1,客家、土话,multi_family
200623,客家、土话,2,2,1,1,客家、土话,multi_family
200624,客家、土话,2,2,1,1,客家、土话,multi_family
200625,客家、土话,2,2,1,1,客家、土话,multi_family
200631,客家、土话,2,2,1,1,客家、土话,multi_family
200632,客家、土话,2,2,1,1,客家、土话,multi_family
200636,客家、土话,2,2,1,1,客家、土话,multi_family
200638,客家、土话,2,2,1,1,客家、土话,multi_family
200643,客家、土话,2,2,1,1,客家、土话,multi_family
200647,客家、土话,2,2,1,1,客家、土话,multi_family
200648,客家、土话,2,2,1,1,客家、土话,multi_family
200650,客家、土话,2,2,1,1,客家、土话,multi_family
200658,客家、土话,2,2,1,1,客家、土话,multi_family
200659,客家、土话,2,2,1,1,客家、土话,multi_family
200661,客家、土话,2,2,1,1,客家、土话,multi_family
200662,客家、土话,2,2,1,1,客家、土话,multi_family
200663,客家、土话,2,2,1,1,客家、土话,multi_family
201062,客家、土话,2,2,1,1,客家、土话,multi_family
201063,客家、土话,2,2,1,1,客家、土话,multi_family
201066,客家、土话,2,2,1,1,客家、土话,multi_family
201069,客家、土话,2,2,1,1,客家、土话,multi_family
201072,客家、土话,2,2,1,1,客家、土话,multi_family
201073,客家、土话,2,2,1,1,客家、土话,multi_family
201074,客家、土话,2,2,1,1,客家、土话,multi_family
201076,客家、土话,2,2,1,1,客家、土话,multi_family
201077,客家、土话,2,2,1,1,客家、土话,multi_family
201079,客家、土话,2,2,1,1,客家、土话,multi_family
201080,客家、土话,2,2,1,1,客家、土话,multi_family
201081,客家、土话,2,2,1,1,客家、土话,multi_family
201083,客家、土话,2,2,1,1,客家、土话,multi_family
201084,客家、土话,2,2,1,1,客家、土话,multi_family
201086,客家、土话,2,2,1,1,客家、土话,multi_family
201089,客家、土话,2,2,1,1,客家、土话,multi_family
201090,客家、土话,2,2,1,1,客家、土话,multi_family
201091,客家、土话,2,2,1,1,客家、土话,multi_family
201092,客家、土话,2,2,1,1,客家、土话,multi_family
201094,客家、土话,2,2,1,1,客家、土话,multi_family
201098,客家、土话,2,2,1,1,客家、土话,multi_family
201101,客家、土话,2,2,1,1,客家、土话,multi_family
201105,客家、土话,2,2,1,1,客家、土话,multi_family
201107,客家、土话,2,2,1,1,客家、土话,multi_family
201108,客家、土话,2,2,1,1,客家、土话,multi_family
201126,客家、土话,2,2,2,1,客家、土话,multi_family
201128,客家、土话,2,2,1,1,客家、土话,multi_family
201129,客家、土话,2,2,1,1,客家、土话,multi_family
201131,客家、土话,2,2,1,1,客家、土话,multi_family
201132,客家、土话,2,2,1,1,客家、土话,multi_family
201134,客家、土话,2,2,1,1,客家、土话,multi_family
201135,客家、土话,2,2,1,1,客家、土话,multi_family
201136,客家、土话,2,2,1,1,客家、土话,multi_family
201137,客家、土话,2,2,1,1,客家、土话,multi_family
201141,客家、土话,2,2,1,1,客家、土话,multi_family
201142,客家、土话,2,2,1,1,客家、土话,multi_family
201144,客家、土话,2,2,1,1,客家、土话,multi_family
201146,客家、土话,2,2,1,1,客家、土话,multi_family
201147,客家、土话,2,2,1,1,客家、土话,multi_family
201148,客家、土话,2,2,1,1,客家、土话,multi_family
201154,客家、土话,2,2,1,1,客家、土话,multi_family
201162,客家、土话,2,2,1,1,客家、土话,multi_family
201163,客家、土话,2,2,1,1,客家、土话,multi_family
201165,客家、土话,2,2,1,1,客家、土话,multi_family
201171,客家、土话,2,2,1,1,客家、土话,multi_family
201173,客家、土话,2,2,1,1,客家、土话,multi_family
201174,客家、土话,2,2,1,1,客家、土话,multi_family
201178,客家、土话,2,2,1,1,客家、土话,multi_family
201179,客家、土话,2,2,1,1,客家、土话,multi_family
201180,客家、土话,2,2,1,1,客家、土话,multi_family
201181,客家、土话,2,2,1,1,客家、土话,multi_family
201182,客家、土话,2,2,1,1,客家、土话,multi_family
201184,客家、土话,2,2,1,1,客家、土话,multi_family
201185,客家、土话,2,2,1,1,客家、土话,multi_family
201186,客家、土话,2,2,1,1,客家、土话,multi_family
201188,客家、土话,2,2,1,1,客家、土话,multi_family
202933,客家、土话,2,2,1,1,客家、土话,multi_family
202937,客家、土话,2,2,1,1,客家、土话,multi_family
202939,客家、土话,2,2,2,1,客家、土话,multi_family
202942,客家、土话,2,2,1,1,客家、土话,multi_family
202943,客家、土话,2,2,1,1,客家、土话,multi_family
202944,客家、土话,2,2,1,1,客家、土话,multi_family
202945,客家、土话,2,2,1,1,客家、土话,multi_family
202946,客家、土话,2,2,1,1,客家、土话,multi_family
202947,客家、土话,2,2,1,1,客家、土话,multi_family
202949,客家、土话,2,2,1,1,客家、土话,multi_family
202950,客家、土话,2,2,1,1,客家、土话,multi_family
202951,客家、土话,2,2,1,1,客家、土话,multi_family
202953,客家、土话·黄圃话,2,2,21,3,"客家、土话,客家,土话·黄圃话",bare_and_detail_mixed_keep_as_is | multi_family
202954,客家、土话,2,2,1,1,客家、土话,multi_family
202955,客家、土话,2,2,1,1,客家、土话,multi_family
202956,客家、土话,2,2,1,1,客家、土话,multi_family
202957,客家、土话,2,2,1,1,客家、土话,multi_family
202958,客家、土话,2,2,1,1,客家、土话,multi_family
202959,客家、土话,2,2,1,1,客家、土话,multi_family
202961,客家、土话,2,2,1,1,客家、土话,multi_family
202962,客家、土话,2,2,1,1,客家、土话,multi_family
202964,客家、土话,2,2,1,1,客家、土话,multi_family
202965,客家、土话,2,2,1,1,客家、土话,multi_family
202966,客家、土话,2,2,1,1,客家、土话,multi_family
202967,客家、土话,2,2,1,1,客家、土话,multi_family
202970,客家、土话,2,2,1,1,客家、土话,multi_family
202972,客家、土话,2,2,1,1,客家、土话,multi_family
202973,客家、土话,2,2,1,1,客家、土话,multi_family
202975,客家、土话,2,2,1,1,客家、土话,multi_family
202976,客家、土话,2,2,1,1,客家、土话,multi_family
202978,客家、土话,2,2,1,1,客家、土话,multi_family
202979,客家、土话,2,2,1,1,客家、土话,multi_family
202980,客家、土话,2,2,1,1,客家、土话,multi_family
202981,客家、土话,2,2,1,1,客家、土话,multi_family
202984,客家、土话,2,2,1,1,客家、土话,multi_family
202985,客家、土话,2,2,1,1,客家、土话,multi_family
202986,客家、土话,2,2,1,1,客家、土话,multi_family
202987,客家、土话,2,2,1,1,客家、土话,multi_family
202988,客家、土话,2,2,1,1,客家、土话,multi_family
202989,客家、土话,2,2,2,1,客家、土话,multi_family
202990,客家、土话,2,2,1,1,客家、土话,multi_family
202991,客家、土话,2,2,1,1,客家、土话,multi_family
202993,客家、土话,2,2,1,1,客家、土话,multi_family
202995,客家、土话,2,2,1,1,客家、土话,multi_family
202996,客家、土话,2,2,1,1,客家、土话,multi_family
202998,客家、土话,2,2,1,1,客家、土话,multi_family
202999,客家、土话,2,2,1,1,客家、土话,multi_family
203000,客家、土话,2,2,1,1,客家、土话,multi_family
203001,客家、土话,2,2,1,1,客家、土话,multi_family
203005,客家、土话,2,2,1,1,客家、土话,multi_family
203007,客家、土话,2,2,1,1,客家、土话,multi_family
203009,客家、土话,2,2,1,1,客家、土话,multi_family
203013,客家、土话,2,2,1,1,客家、土话,multi_family
203014,客家、土话,2,2,1,1,客家、土话,multi_family
203015,客家、土话,2,2,2,1,客家、土话,multi_family
203016,客家、土话,2,2,1,1,客家、土话,multi_family
203017,客家、土话,2,2,1,1,客家、土话,multi_family
203018,客家、土话,2,2,1,1,客家、土话,multi_family
203019,客家、土话,2,2,1,1,客家、土话,multi_family
203021,客家、土话,2,2,1,1,客家、土话,multi_family
203026,客家、土话,2,2,1,1,客家、土话,multi_family
203030,客家、土话,2,2,1,1,客家、土话,multi_family
203035,客家、土话,2,2,1,1,客家、土话,multi_family
203036,客家、土话,2,2,1,1,客家、土话,multi_family
203039,客家、土话,2,2,1,1,客家、土话,multi_family
203042,客家、土话,2,2,1,1,客家、土话,multi_family
203043,客家、土话,2,2,1,1,客家、土话,multi_family
203044,客家、土话,2,2,2,1,客家、土话,multi_family
203045,客家、土话,2,2,1,1,客家、土话,multi_family
203046,客家、土话,2,2,1,1,客家、土话,multi_family
203047,客家、土话,2,2,1,1,客家、土话,multi_family
203048,客家、土话,2,2,1,1,客家、土话,multi_family
203063,客家、土话,2,2,1,1,客家、土话,multi_family
203064,客家、土话,2,2,1,1,客家、土话,multi_family
203065,客家、土话,2,2,1,1,客家、土话,multi_family
203067,客家、土话,2,2,1,1,客家、土话,multi_family
203069,客家、土话,2,2,1,1,客家、土话,multi_family
203070,客家、土话,2,2,1,1,客家、土话,multi_family
203072,客家、土话,2,2,1,1,客家、土话,multi_family
203073,客家、土话,2,2,1,1,客家、土话,multi_family
203074,客家、土话,2,2,1,1,客家、土话,multi_family
203075,客家、土话,2,2,1,1,客家、土话,multi_family
203078,客家、土话,2,2,1,1,客家、土话,multi_family
204037,客家、官话,2,2,1,1,客家、官话,multi_family
205339,客家、官话,2,2,1,1,客家、官话,multi_family
205635,客家、官话,2,2,1,1,客家、官话,multi_family
205641,客家、官话,2,2,1,1,客家、官话,multi_family
205642,客家、官话,2,2,1,1,客家、官话,multi_family
207215,粤、客家、闽,3,3,1,1,粤、客家、闽,multi_family | multi_component
207229,粤、客家,2,2,1,1,粤、客家,multi_family
207238,粤、客家,2,2,1,1,粤、客家,multi_family
207348,客家、土话,2,2,1,1,客家、土话,multi_family
207980,客家、少数民族,2,2,1,1,客家、少数民族,multi_family
207982,客家、少数民族,2,2,1,1,客家、少数民族,multi_family
207983,客家、少数民族,2,2,1,1,客家、少数民族,multi_family
208060,客家、闽,2,2,1,1,客家、闽,multi_family
208067,客家、闽,2,2,1,1,客家、闽,multi_family
208068,客家、闽,2,2,1,1,客家、闽,multi_family
208073,客家、闽,2,2,2,2,"客家,客家、闽",multi_family
208513,粤、客家,2,2,1,1,粤、客家,multi_family
208514,粤、客家,2,2,1,1,粤、客家,multi_family
208516,粤、客家,2,2,1,1,粤、客家,multi_family
208517,粤、客家,2,2,1,1,粤、客家,multi_family
208520,粤、客家,2,2,1,1,粤、客家,multi_family
208521,粤、客家,2,2,1,1,粤、客家,multi_family
208523,粤、客家,2,2,1,1,粤、客家,multi_family
208524,粤、客家,2,2,1,1,粤、客家,multi_family
208526,粤、客家,2,2,1,1,粤、客家,multi_family
208527,粤、客家,2,2,1,1,粤、客家,multi_family
208528,粤、客家,2,2,1,1,粤、客家,multi_family
208529,粤、客家,2,2,2,1,粤、客家,multi_family
208531,粤、客家,2,2,1,1,粤、客家,multi_family
208532,粤、客家,2,2,1,1,粤、客家,multi_family
208565,粤、客家,2,2,1,1,粤、客家,multi_family
208583,粤、客家,2,2,1,1,粤、客家,multi_family
208807,客家、土话,2,2,1,1,客家、土话,multi_family
208810,客家、土话,2,2,1,1,客家、土话,multi_family
208817,客家、土话,2,2,1,1,客家、土话,multi_family
208818,客家、土话,2,2,1,1,客家、土话,multi_family
208820,客家、土话,2,2,1,1,客家、土话,multi_family
208825,客家、土话,2,2,1,1,客家、土话,multi_family
208827,客家、土话,2,2,1,1,客家、土话,multi_family
208878,粤、客家,2,2,1,1,粤、客家,multi_family
208891,粤、客家,2,2,1,1,粤、客家,multi_family
208897,粤、客家,2,2,1,1,粤、客家,multi_family
208899,粤、客家,2,2,1,1,粤、客家,multi_family
210037,客家·仁化塞麻话、客家·仁化董塘话、客家·仁化长江话、土话,4,2,342,6,"客家·仁化塞麻话,客家·仁化董塘话,客家·仁化长江话,客家,,客家、土话",bare_and_detail_mixed_keep_as_is | multi_family | multi_component
210597,客家、闽·连滩话、土话、粤·清远白话,4,4,105,6,"客家,客家、闽,客家、土话,闽·连滩话,粤,粤·清远白话",bare_and_detail_mixed_keep_as_is | multi_family | multi_component
210621,客家、闽,2,2,1,1,客家、闽,multi_family
210958,客家、粤,2,2,2,2,"客家,粤、客家",multi_family
210982,粤、客家,2,2,1,1,粤、客家,multi_family
210983,粤、客家,2,2,1,1,粤、客家,multi_family
211411,客家、少数民族,2,2,1,1,客家、少数民族,multi_family
211503,粤、闽,2,2,1,1,粤、闽,multi_family
211504,客家、闽,2,2,1,1,客家、闽,multi_family
211516,客家、少数民族·瑶语,2,2,2,2,"客家,少数民族·瑶语",bare_and_detail_mixed_keep_as_is | multi_family
211518,客家、少数民族·瑶语,2,2,2,2,"客家,少数民族·瑶语",bare_and_detail_mixed_keep_as_is | multi_family
211521,粤、客家,2,2,1,1,粤、客家,multi_family
211522,粤、客家,2,2,1,1,粤、客家,multi_family
211552,粤、客家,2,2,1,1,粤、客家,multi_family
211556,客家、粤、少数民族·瑶语,3,3,17,3,"客家,粤、客家,少数民族·瑶语",bare_and_detail_mixed_keep_as_is | multi_family | multi_component
211559,粤、客家,2,2,1,1,粤、客家,multi_family
211560,粤、客家、闽,3,3,1,1,粤、客家、闽,multi_family | multi_component
211561,粤、客家、闽,3,3,1,1,粤、客家、闽,multi_family | multi_component
211562,粤、客家,2,2,1,1,粤、客家,multi_family
211564,粤、客家,2,2,1,1,粤、客家,multi_family
211565,粤、客家,2,2,1,1,粤、客家,multi_family
211569,粤、客家,2,2,1,1,粤、客家,multi_family
211571,粤、客家,2,2,1,1,粤、客家,multi_family
211572,粤、客家,2,2,1,1,粤、客家,multi_family
211579,粤、客家,2,2,1,1,粤、客家,multi_family
211582,粤、客家,2,2,1,1,粤、客家,multi_family
211584,粤、客家、少数民族·瑶语,3,3,3,3,"粤、客家,客家,少数民族·瑶语",bare_and_detail_mixed_keep_as_is | multi_family | multi_component
211592,粤、客家,2,2,1,1,粤、客家,multi_family
211595,粤、客家,2,2,1,1,粤、客家,multi_family
211629,粤、客家,2,2,1,1,粤、客家,multi_family
211632,粤、客家、闽,3,3,1,1,粤、客家、闽,multi_family | multi_component
211633,粤、客家,2,2,1,1,粤、客家,multi_family
211634,粤、闽,2,2,1,1,粤、闽,multi_family
211877,粤、客家,2,2,1,1,粤、客家,multi_family
211878,粤、客家,2,2,1,1,粤、客家,multi_family
211886,粤、客家,2,2,1,1,粤、客家,multi_family
211889,粤、客家,2,2,1,1,粤、客家,multi_family
211890,粤、客家,2,2,1,1,粤、客家,multi_family
211892,粤、客家,2,2,1,1,粤、客家,multi_family
211897,粤、客家,2,2,2,1,粤、客家,multi_family
211899,粤、客家,2,2,1,1,粤、客家,multi_family
211900,粤、客家,2,2,1,1,粤、客家,multi_family
211912,粤、客家,2,2,1,1,粤、客家,multi_family
211913,粤、客家,2,2,1,1,粤、客家,multi_family
211971,客家、少数民族,2,2,1,1,客家、少数民族,multi_family
212062,粤、客家,2,2,1,1,粤、客家,multi_family
212177,客家、少数民族,2,2,2,2,"客家,客家、少数民族",multi_family
212205,客家、少数民族,2,2,3,2,"客家,客家、少数民族",multi_family
212207,客家、少数民族,2,2,1,1,客家、少数民族,multi_family
212209,客家、少数民族,2,2,1,1,客家、少数民族,multi_family
212221,客家、少数民族,2,2,1,1,客家、少数民族,multi_family
213493,客家、少数民族,2,2,1,1,客家、少数民族,multi_family
213494,客家、少数民族,2,2,1,1,客家、少数民族,multi_family
213496,客家、少数民族,2,2,1,1,客家、少数民族,multi_family
213498,客家、少数民族,2,2,1,1,客家、少数民族,multi_family
213709,客家·始兴话、少数民族·瑶语,2,2,1,1,客家·始兴话、少数民族·瑶语,multi_family
213711,客家·始兴话、客家·清化话、少数民族·瑶语,3,2,7,2,"客家·始兴话、少数民族·瑶语,客家·清化话",multi_family | multi_component
213816,客家·清化话、少数民族·瑶语,2,2,1,1,客家·清化话、少数民族·瑶语,multi_family
217072,粤、闽,2,2,1,1,粤、闽,multi_family
217073,粤、闽,2,2,1,1,粤、闽,multi_family
217080,客家、闽、粤,3,3,8,3,"客家,客家、闽,粤",multi_family | multi_component
217082,客家、土话·虱婆声、粤、闽,4,4,4,4,"客家、土话,粤、土话,土话·虱婆声,粤、闽",bare_and_detail_mixed_keep_as_is | multi_family | multi_component
217110,粤、闽,2,2,1,1,粤、闽,multi_family
217114,粤、土话,2,2,1,1,粤、土话,multi_family
217207,客家、土话,2,2,1,1,客家、土话,multi_family
217212,客家、土话,2,2,1,1,客家、土话,multi_family
217213,客家、土话,2,2,1,1,客家、土话,multi_family
217215,客家、土话,2,2,1,1,客家、土话,multi_family
217220,客家、土话,2,2,1,1,客家、土话,multi_family
218952,客家、粤、闽、土话·虱婆声,4,4,9,4,"客家,粤、闽,土话·虱婆声,粤、客家",bare_and_detail_mixed_keep_as_is | multi_family | multi_component
218985,闽、水上船民话,2,2,2,2,"水上船民话,闽",multi_family
218998,粤、客家、土话,3,3,1,1,粤、客家、土话,multi_family | multi_component
218999,粤、客家,2,2,1,1,粤、客家,multi_family
219000,粤、客家、土话,3,3,1,1,粤、客家、土话,multi_family | multi_component
219003,粤、客家,2,2,1,1,粤、客家,multi_family
219077,粤、客家,2,2,1,1,粤、客家,multi_family
219082,客家、土话,2,2,1,1,客家、土话,multi_family
219110,粤、客家,2,2,1,1,粤、客家,multi_family
219120,粤、客家,2,2,1,1,粤、客家,multi_family
219193,粤、客家,2,2,1,1,粤、客家,multi_family
219232,粤、客家,2,2,1,1,粤、客家,multi_family
219233,粤、客家,2,2,1,1,粤、客家,multi_family
219247,粤、客家,2,2,2,2,"粤,粤、客家",multi_family
219275,粤、客家,2,2,1,1,粤、客家,multi_family
220564,粤·阳江话、客家,2,2,6,2,"粤·阳江话,粤、客家",bare_and_detail_mixed_keep_as_is | multi_family
220891,粤、客家,2,2,1,1,粤、客家,multi_family
221994,粤、客家,2,2,1,1,粤、客家,multi_family
221995,粤·阳春白话、客家·涯话,2,2,1,1,粤·阳春白话、客家·涯话,multi_family
221999,粤、客家,2,2,1,1,粤、客家,multi_family
222001,粤、客家,2,2,1,1,粤、客家,multi_family
222002,粤、客家,2,2,1,1,粤、客家,multi_family
222008,粤、客家,2,2,1,1,粤、客家,multi_family
222011,粤、客家,2,2,1,1,粤、客家,multi_family
222013,粤、客家,2,2,1,1,粤、客家,multi_family
222015,粤·阳春白话、客家·涯话,2,2,1,1,粤·阳春白话、客家·涯话,multi_family
222016,粤·阳春白话、客家·涯话,2,2,1,1,粤·阳春白话、客家·涯话,multi_family
222017,粤·阳春白话、客家·涯话,2,2,1,1,粤·阳春白话、客家·涯话,multi_family
222022,粤、客家,2,2,1,1,粤、客家,multi_family
222023,粤·阳春白话、客家·涯话,2,2,1,1,粤·阳春白话、客家·涯话,multi_family
222028,粤·阳春白话、客家·涯话,2,2,1,1,粤·阳春白话、客家·涯话,multi_family
222029,粤·阳春白话、客家·涯话,2,2,1,1,粤·阳春白话、客家·涯话,multi_family
222030,粤、客家,2,2,1,1,粤、客家,multi_family
222031,粤、客家,2,2,1,1,粤、客家,multi_family
222033,粤、客家,2,2,1,1,粤、客家,multi_family
222034,粤·阳春白话、客家·涯话,2,2,1,1,粤·阳春白话、客家·涯话,multi_family
222042,粤·阳春白话、客家·涯话,2,2,1,1,粤·阳春白话、客家·涯话,multi_family
222063,粤、客家,2,2,1,1,粤、客家,multi_family
222150,粤·阳春白话、客家·涯话,2,2,1,1,粤·阳春白话、客家·涯话,multi_family
222183,粤、客家,2,2,1,1,粤、客家,multi_family
222289,粤·阳春白话、客家·阳春涯话、客家·涯话,3,2,21,6,"粤·阳春白话,客家·阳春涯话,粤、客家,粤·阳春白话、客家·涯话,客家·涯话,粤",multi_family | multi_component
222396,粤、客家,2,2,1,1,粤、客家,multi_family
222495,粤、客家,2,2,1,1,粤、客家,multi_family
222501,粤、客家,2,2,1,1,粤、客家,multi_family
222513,粤、客家,2,2,1,1,粤、客家,multi_family
222588,粤·阳春白话、客家,2,2,45,3,"粤·阳春白话,粤、客家,客家",bare_and_detail_mixed_keep_as_is | multi_family
222627,粤、客家,2,2,1,1,粤、客家,multi_family
223498,粤、客家,2,2,2,2,"粤、客家,粤",multi_family
223510,粤、客家,2,2,1,1,粤、客家,multi_family
223521,粤、客家,2,2,1,1,粤、客家,multi_family
223522,粤、客家,2,2,1,1,粤、客家,multi_family
223525,粤、客家,2,2,1,1,粤、客家,multi_family
223526,粤、客家,2,2,1,1,粤、客家,multi_family
223527,粤、客家,2,2,1,1,粤、客家,multi_family
223528,粤、客家,2,2,1,1,粤、客家,multi_family
223538,粤、客家,2,2,1,1,粤、客家,multi_family
223733,粤、客家,2,2,1,1,粤、客家,multi_family
223928,粤·阳春白话、客家,2,2,23,2,"粤·阳春白话,粤、客家",bare_and_detail_mixed_keep_as_is | multi_family
224067,粤、客家,2,2,1,1,粤、客家,multi_family
224095,粤、客家,2,2,1,1,粤、客家,multi_family
224097,粤、客家,2,2,1,1,粤、客家,multi_family
224102,粤、客家,2,2,1,1,粤、客家,multi_family
224147,粤、客家,2,2,1,1,粤、客家,multi_family
224183,粤、客家,2,2,1,1,粤、客家,multi_family
224201,粤、客家,2,2,1,1,粤、客家,multi_family
224252,粤、客家,2,2,1,1,粤、客家,multi_family
224307,粤、客家,2,2,1,1,粤、客家,multi_family
224308,粤、客家,2,2,1,1,粤、客家,multi_family
224316,粤、客家,2,2,1,1,粤、客家,multi_family
224336,粤、客家,2,2,1,1,粤、客家,multi_family
224339,粤、客家,2,2,1,1,粤、客家,multi_family
224341,粤、客家,2,2,1,1,粤、客家,multi_family
224347,粤、客家,2,2,1,1,粤、客家,multi_family
224352,粤、客家,2,2,1,1,粤、客家,multi_family
224365,粤、客家,2,2,1,1,粤、客家,multi_family
224408,粤、客家,2,2,1,1,粤、客家,multi_family
224472,粤·阳春白话、客家,2,2,11,3,"粤·阳春白话,粤、客家,客家",bare_and_detail_mixed_keep_as_is | multi_family
224489,粤、客家,2,2,1,1,粤、客家,multi_family
224501,粤、客家,2,2,1,1,粤、客家,multi_family
224515,粤、客家,2,2,1,1,粤、客家,multi_family
224518,粤·阳春白话、客家·涯话,2,2,1,1,粤·阳春白话、客家·涯话,multi_family
224519,粤、客家,2,2,1,1,粤、客家,multi_family
224520,粤、客家,2,2,1,1,粤、客家,multi_family
224521,粤·阳春白话、客家·涯话,2,2,1,1,粤·阳春白话、客家·涯话,multi_family
224522,粤、客家,2,2,1,1,粤、客家,multi_family
224523,粤、客家,2,2,1,1,粤、客家,multi_family
224524,粤·阳春白话、客家·涯话,2,2,1,1,粤·阳春白话、客家·涯话,multi_family
224526,粤、客家,2,2,1,1,粤、客家,multi_family
224528,粤·阳春白话、客家·涯话,2,2,1,1,粤·阳春白话、客家·涯话,multi_family
224529,粤、客家,2,2,1,1,粤、客家,multi_family
224530,粤、客家,2,2,1,1,粤、客家,multi_family
224531,粤、客家,2,2,1,1,粤、客家,multi_family
224532,粤、客家,2,2,1,1,粤、客家,multi_family
224533,粤、客家,2,2,1,1,粤、客家,multi_family
224566,粤、客家,2,2,1,1,粤、客家,multi_family
224569,粤、客家,2,2,1,1,粤、客家,multi_family
224576,粤、客家,2,2,1,1,粤、客家,multi_family
224577,粤、客家,2,2,1,1,粤、客家,multi_family
224579,粤·阳春白话、客家·涯话,2,2,1,1,粤·阳春白话、客家·涯话,multi_family
224624,粤、客家,2,2,1,1,粤、客家,multi_family
224625,粤、客家,2,2,1,1,粤、客家,multi_family
224631,粤、客家,2,2,1,1,粤、客家,multi_family
224632,粤、客家,2,2,1,1,粤、客家,multi_family
224828,客家、粤·高州话,2,2,2,2,"客家,粤·高州话",bare_and_detail_mixed_keep_as_is | multi_family
224873,粤、客家,2,2,1,1,粤、客家,multi_family
224918,粤、客家·阳春涯话,2,2,5,3,"粤,客家·阳春涯话,客家",bare_and_detail_mixed_keep_as_is | multi_family
225849,粤、客家,2,2,1,1,粤、客家,multi_family
225850,粤、客家,2,2,1,1,粤、客家,multi_family
225855,粤、客家,2,2,1,1,粤、客家,multi_family
225858,粤、客家,2,2,1,1,粤、客家,multi_family
225861,粤、客家,2,2,1,1,粤、客家,multi_family
225863,粤、客家,2,2,1,1,粤、客家,multi_family
225864,粤、客家,2,2,1,1,粤、客家,multi_family
225865,粤、客家,2,2,1,1,粤、客家,multi_family
225874,粤、客家,2,2,1,1,粤、客家,multi_family
225875,粤、客家,2,2,1,1,粤、客家,multi_family
225877,粤、客家,2,2,1,1,粤、客家,multi_family
226003,粤、客家,2,2,1,1,粤、客家,multi_family
226012,粤、客家,2,2,1,1,粤、客家,multi_family
226017,粤·阳春白话、客家·涯话,2,2,2,2,"粤、客家,粤·阳春白话、客家·涯话",multi_family
226018,粤、客家,2,2,1,1,粤、客家,multi_family
226023,粤、客家,2,2,1,1,粤、客家,multi_family
226025,粤、客家,2,2,1,1,粤、客家,multi_family
226026,粤、客家,2,2,1,1,粤、客家,multi_family
226069,粤、客家,2,2,1,1,粤、客家,multi_family
226083,粤·阳春白话、客家·涯话,2,2,1,1,粤·阳春白话、客家·涯话,multi_family
226099,粤、客家,2,2,1,1,粤、客家,multi_family
226116,粤·阳春白话、客家·阳春涯话、客家·涯话,3,2,12,4,"粤·阳春白话,客家·阳春涯话,粤·阳春白话、客家·涯话,粤、客家",multi_family | multi_component
226138,粤、客家,2,2,1,1,粤、客家,multi_family
226888,粤、客家,2,2,1,1,粤、客家,multi_family
226973,粤、客家,2,2,1,1,粤、客家,multi_family
227142,粤、客家,2,2,1,1,粤、客家,multi_family
227255,客家·阳春涯话、粤·阳春白话,2,2,2,2,"客家·阳春涯话,粤·阳春白话",multi_family
227326,粤、客家,2,2,1,1,粤、客家,multi_family
227416,粤、客家,2,2,1,1,粤、客家,multi_family
228057,粤、客家,2,2,1,1,粤、客家,multi_family
228060,粤、客家,2,2,1,1,粤、客家,multi_family
228097,粤·阳春白话、客家·阳春涯话,2,2,129,5,"粤·阳春白话,粤、客家,粤,客家·阳春涯话,",multi_family
228142,粤·阳春白话、客家,2,2,9,2,"粤·阳春白话,粤、客家",bare_and_detail_mixed_keep_as_is | multi_family
228175,粤·阳春白话、客家·涯话,2,2,1,1,粤·阳春白话、客家·涯话,multi_family
228307,客家·阳春涯话、粤·阳春白话,2,2,8,2,"客家·阳春涯话,粤·阳春白话",multi_family
228315,粤、客家,2,2,1,1,粤、客家,multi_family
228342,粤、客家,2,2,1,1,粤、客家,multi_family
228380,粤、客家,2,2,1,1,粤、客家,multi_family
228386,粤、客家,2,2,1,1,粤、客家,multi_family
228387,粤、客家,2,2,1,1,粤、客家,multi_family
228389,粤、客家,2,2,1,1,粤、客家,multi_family
228394,粤、客家,2,2,1,1,粤、客家,multi_family
228395,粤·阳春白话、客家·涯话,2,2,1,1,粤·阳春白话、客家·涯话,multi_family
228396,粤、客家,2,2,1,1,粤、客家,multi_family
228398,粤、客家,2,2,1,1,粤、客家,multi_family
228399,粤、客家,2,2,1,1,粤、客家,multi_family
228402,粤、客家,2,2,1,1,粤、客家,multi_family
228403,粤、客家,2,2,1,1,粤、客家,multi_family
228413,粤、客家,2,2,1,1,粤、客家,multi_family
228420,粤、客家,2,2,1,1,粤、客家,multi_family
228421,粤、客家,2,2,1,1,粤、客家,multi_family
228422,粤、客家,2,2,1,1,粤、客家,multi_family
228425,粤、客家,2,2,1,1,粤、客家,multi_family
228426,粤、客家,2,2,1,1,粤、客家,multi_family
228427,粤、客家,2,2,1,1,粤、客家,multi_family
228429,粤、客家,2,2,1,1,粤、客家,multi_family
228431,粤、客家,2,2,1,1,粤、客家,multi_family
228432,粤·阳春白话、客家·涯话,2,2,1,1,粤·阳春白话、客家·涯话,multi_family
228435,粤·阳春白话、客家·涯话,2,2,1,1,粤·阳春白话、客家·涯话,multi_family
228453,粤、客家,2,2,1,1,粤、客家,multi_family
228454,粤、客家,2,2,1,1,粤、客家,multi_family
228461,粤·阳春白话、客家·涯话,2,2,1,1,粤·阳春白话、客家·涯话,multi_family
228466,粤、客家,2,2,1,1,粤、客家,multi_family
228467,粤、客家,2,2,1,1,粤、客家,multi_family
228472,粤、客家,2,2,1,1,粤、客家,multi_family
228473,粤、客家,2,2,1,1,粤、客家,multi_family
228487,粤、客家,2,2,1,1,粤、客家,multi_family
228495,粤、客家,2,2,1,1,粤、客家,multi_family
228563,粤、客家,2,2,1,1,粤、客家,multi_family
228565,粤、客家,2,2,1,1,粤、客家,multi_family
228574,粤、客家,2,2,1,1,粤、客家,multi_family
228587,粤、客家,2,2,1,1,粤、客家,multi_family
228589,粤、客家,2,2,1,1,粤、客家,multi_family
228594,粤、客家,2,2,1,1,粤、客家,multi_family
228595,粤、客家,2,2,1,1,粤、客家,multi_family
228596,粤、客家,2,2,1,1,粤、客家,multi_family
228605,粤、客家,2,2,1,1,粤、客家,multi_family
228607,粤、客家,2,2,1,1,粤、客家,multi_family
228610,粤、客家,2,2,1,1,粤、客家,multi_family
228611,粤、客家,2,2,1,1,粤、客家,multi_family
228615,粤、客家,2,2,1,1,粤、客家,multi_family
228616,粤、客家,2,2,1,1,粤、客家,multi_family
228617,粤、客家,2,2,1,1,粤、客家,multi_family
228620,粤、客家,2,2,1,1,粤、客家,multi_family
228640,粤、客家,2,2,1,1,粤、客家,multi_family
228647,粤、客家,2,2,1,1,粤、客家,multi_family
228677,粤、客家,2,2,1,1,粤、客家,multi_family
228681,粤、客家,2,2,1,1,粤、客家,multi_family
228728,粤、客家,2,2,1,1,粤、客家,multi_family
235484,粤、客家,2,2,1,1,粤、客家,multi_family
235502,粤、客家,2,2,1,1,粤、客家,multi_family
236042,粤、客家,2,2,1,1,粤、客家,multi_family
236044,粤、客家,2,2,1,1,粤、客家,multi_family
236178,粤、客家,2,2,1,1,粤、客家,multi_family
236181,粤、客家,2,2,1,1,粤、客家,multi_family
236184,粤、客家,2,2,1,1,粤、客家,multi_family
236188,粤、客家,2,2,1,1,粤、客家,multi_family
236189,粤、客家,2,2,1,1,粤、客家,multi_family
236190,粤、客家,2,2,1,1,粤、客家,multi_family
236192,粤、客家,2,2,1,1,粤、客家,multi_family
236348,粤、客家,2,2,17,2,"粤,客家",multi_family
237166,粤、客家,2,2,1,1,粤、客家,multi_family
237294,粤、客家,2,2,6,2,"粤,粤、客家",multi_family
237322,客家、粤,2,2,13,2,"客家,粤",multi_family
237725,粤、客家,2,2,1,1,粤、客家,multi_family
237776,粤、客家,2,2,1,1,粤、客家,multi_family
237777,粤、客家,2,2,1,1,粤、客家,multi_family
237779,粤、客家,2,2,1,1,粤、客家,multi_family
237780,粤、客家,2,2,1,1,粤、客家,multi_family
237784,粤、客家,2,2,1,1,粤、客家,multi_family
237786,粤、客家,2,2,1,1,粤、客家,multi_family
237789,粤、客家,2,2,1,1,粤、客家,multi_family
237809,粤、客家,2,2,1,1,粤、客家,multi_family
237811,粤、客家,2,2,1,1,粤、客家,multi_family
237812,粤、客家,2,2,1,1,粤、客家,multi_family
237813,粤、客家,2,2,1,1,粤、客家,multi_family
237814,粤、客家,2,2,1,1,粤、客家,multi_family
237815,粤、客家,2,2,1,1,粤、客家,multi_family
237816,粤、客家,2,2,1,1,粤、客家,multi_family
237817,粤、客家,2,2,1,1,粤、客家,multi_family
237820,粤、客家,2,2,1,1,粤、客家,multi_family
237821,粤、客家,2,2,1,1,粤、客家,multi_family
237822,粤、客家,2,2,1,1,粤、客家,multi_family
237824,粤、客家,2,2,1,1,粤、客家,multi_family
237825,粤、客家,2,2,1,1,粤、客家,multi_family
237827,粤、客家,2,2,1,1,粤、客家,multi_family
237828,粤、客家,2,2,1,1,粤、客家,multi_family
237975,粤、客家,2,2,1,1,粤、客家,multi_family
237979,粤、客家,2,2,2,2,"粤、客家,粤",multi_family
237980,粤、客家,2,2,1,1,粤、客家,multi_family
237984,粤、客家,2,2,1,1,粤、客家,multi_family
237986,粤、客家,2,2,1,1,粤、客家,multi_family
237988,粤、客家,2,2,1,1,粤、客家,multi_family
237995,粤、客家,2,2,1,1,粤、客家,multi_family
237999,粤、客家,2,2,1,1,粤、客家,multi_family
238000,粤、客家,2,2,1,1,粤、客家,multi_family
238060,粤、客家,2,2,1,1,粤、客家,multi_family
238161,粤、客家,2,2,1,1,粤、客家,multi_family
238170,粤、客家,2,2,1,1,粤、客家,multi_family
238174,粤、客家,2,2,1,1,粤、客家,multi_family
238176,粤、客家,2,2,1,1,粤、客家,multi_family
238370,粤、客家,2,2,1,1,粤、客家,multi_family
238375,粤、客家,2,2,1,1,粤、客家,multi_family
238380,粤、客家,2,2,1,1,粤、客家,multi_family
238384,粤、客家,2,2,1,1,粤、客家,multi_family
238385,粤、客家,2,2,1,1,粤、客家,multi_family
238388,粤、客家,2,2,1,1,粤、客家,multi_family
238392,粤、客家,2,2,1,1,粤、客家,multi_family
238393,粤、客家,2,2,1,1,粤、客家,multi_family
238402,粤、客家,2,2,1,1,粤、客家,multi_family
238434,粤、客家,2,2,1,1,粤、客家,multi_family
238450,粤、客家,2,2,1,1,粤、客家,multi_family
238462,粤、客家,2,2,1,1,粤、客家,multi_family
238753,粤、客家,2,2,1,1,粤、客家,multi_family
241477,粤、闽,2,2,1,1,粤、闽,multi_family
241486,粤、闽,2,2,1,1,粤、闽,multi_family
241488,粤、闽,2,2,1,1,粤、闽,multi_family
242039,粤、客家,2,2,1,1,粤、客家,multi_family
242080,粤、客家,2,2,1,1,粤、客家,multi_family
242138,粤、客家,2,2,1,1,粤、客家,multi_family
242140,粤、客家,2,2,1,1,粤、客家,multi_family
242143,粤、客家,2,2,1,1,粤、客家,multi_family
242146,粤、客家,2,2,1,1,粤、客家,multi_family
242150,粤、客家,2,2,1,1,粤、客家,multi_family
242151,粤、客家,2,2,1,1,粤、客家,multi_family
243275,粤、客家,2,2,1,1,粤、客家,multi_family
243332,粤、客家,2,2,1,1,粤、客家,multi_family
243858,粤、客家,2,2,1,1,粤、客家,multi_family
243868,粤、客家,2,2,2,2,"粤、客家,粤",multi_family
244264,粤、客家,2,2,1,1,粤、客家,multi_family
244583,粤、客家,2,2,1,1,粤、客家,multi_family
244660,粤、客家,2,2,1,1,粤、客家,multi_family
244665,粤、客家,2,2,1,1,粤、客家,multi_family
244719,客家、闽,2,2,1,1,客家、闽,multi_family
244725,客家、闽,2,2,1,1,客家、闽,multi_family
244732,粤、客家、闽,3,3,1,1,粤、客家、闽,multi_family | multi_component
244821,客家、粤,2,2,7,2,"客家,粤",multi_family
244845,粤、闽,2,2,1,1,粤、闽,multi_family
245572,粤、客家,2,2,1,1,粤、客家,multi_family
245621,粤、客家,2,2,1,1,粤、客家,multi_family
245640,客家、粤,2,2,2,2,"客家,粤、客家",multi_family
245653,粤、客家,2,2,1,1,粤、客家,multi_family
245654,粤、客家,2,2,2,2,"粤、客家,客家",multi_family
246103,客家、粤,2,2,2,2,"客家,粤",multi_family
246418,粤、客家,2,2,1,1,粤、客家,multi_family
246420,粤、客家,2,2,1,1,粤、客家,multi_family
246421,粤、客家,2,2,1,1,粤、客家,multi_family
246422,粤、客家,2,2,1,1,粤、客家,multi_family
246423,粤、客家,2,2,1,1,粤、客家,multi_family
246424,粤、客家,2,2,1,1,粤、客家,multi_family
246425,粤、客家,2,2,1,1,粤、客家,multi_family
246454,粤、客家,2,2,1,1,粤、客家,multi_family
246455,粤、客家,2,2,1,1,粤、客家,multi_family
246456,粤、客家,2,2,1,1,粤、客家,multi_family
246457,粤、客家,2,2,1,1,粤、客家,multi_family
246459,粤、客家,2,2,1,1,粤、客家,multi_family
246461,粤、客家,2,2,1,1,粤、客家,multi_family
246462,粤、客家,2,2,1,1,粤、客家,multi_family
246464,粤、客家,2,2,1,1,粤、客家,multi_family
246465,粤、客家,2,2,1,1,粤、客家,multi_family
246560,粤、客家,2,2,1,1,粤、客家,multi_family
246562,粤、客家,2,2,1,1,粤、客家,multi_family
246565,粤、客家,2,2,1,1,粤、客家,multi_family
246567,粤、客家,2,2,1,1,粤、客家,multi_family
246568,粤、客家,2,2,1,1,粤、客家,multi_family
246569,粤、客家,2,2,1,1,粤、客家,multi_family
246570,粤、客家,2,2,1,1,粤、客家,multi_family
246571,粤、客家,2,2,1,1,粤、客家,multi_family
246573,粤、客家,2,2,1,1,粤、客家,multi_family
246578,粤、客家,2,2,1,1,粤、客家,multi_family
246580,粤、客家,2,2,1,1,粤、客家,multi_family
246583,粤、客家,2,2,1,1,粤、客家,multi_family
246631,粤、客家、寧方言,3,3,21,3,"粤,寧方言,客家",multi_family | multi_component
246766,粤、客家,2,2,1,1,粤、客家,multi_family
246779,粤、客家,2,2,1,1,粤、客家,multi_family
246782,粤、客家,2,2,1,1,粤、客家,multi_family
248603,粤、闽,2,2,1,1,粤、闽,multi_family
248604,粤、闽,2,2,1,1,粤、闽,multi_family
248605,粤、闽,2,2,1,1,粤、闽,multi_family
248607,粤、闽,2,2,1,1,粤、闽,multi_family
248608,粤、闽,2,2,1,1,粤、闽,multi_family
248609,粤、闽,2,2,1,1,粤、闽,multi_family
248610,粤、闽,2,2,1,1,粤、闽,multi_family
248621,粤、闽,2,2,1,1,粤、闽,multi_family
248650,粤、闽,2,2,1,1,粤、闽,multi_family
248658,客家、闽,2,2,1,1,客家、闽,multi_family
248659,粤、闽,2,2,1,1,粤、闽,multi_family
248710,粤、闽,2,2,1,1,粤、闽,multi_family
248711,粤、闽,2,2,1,1,粤、闽,multi_family
248712,粤、闽,2,2,1,1,粤、闽,multi_family
248721,粤、闽,2,2,1,1,粤、闽,multi_family
248783,客家、闽,2,2,1,1,客家、闽,multi_family
248784,客家、闽,2,2,1,1,客家、闽,multi_family
248785,客家、闽,2,2,1,1,客家、闽,multi_family
248786,客家、闽,2,2,1,1,客家、闽,multi_family
248787,客家、闽,2,2,1,1,客家、闽,multi_family
248836,粤、闽,2,2,1,1,粤、闽,multi_family
248838,粤、闽,2,2,1,1,粤、闽,multi_family
248842,粤、闽,2,2,1,1,粤、闽,multi_family
248844,粤、闽,2,2,1,1,粤、闽,multi_family
248846,粤、闽,2,2,1,1,粤、闽,multi_family
248847,粤、闽,2,2,1,1,粤、闽,multi_family
248850,粤、闽,2,2,1,1,粤、闽,multi_family
249749,粤、客家、闽·雷州话,3,3,90,2,"粤、客家、闽,闽·雷州话",bare_and_detail_mixed_keep_as_is | multi_family | multi_component
250378,闽、粤,2,2,4,3,"闽,粤,粤、闽",multi_family
250440,粤、闽,2,2,1,1,粤、闽,multi_family
250493,粤、闽,2,2,1,1,粤、闽,multi_family
250495,闽、粤,2,2,3,2,"闽,粤、闽",multi_family
250531,粤、闽,2,2,1,1,粤、闽,multi_family
250535,粤、闽,2,2,1,1,粤、闽,multi_family
250867,客家、闽,2,2,1,1,客家、闽,multi_family
250876,粤、闽,2,2,1,1,粤、闽,multi_family
250959,客家、闽,2,2,1,1,客家、闽,multi_family
251230,客家、粤,2,2,6,2,"客家,粤",multi_family
251306,粤、客家,2,2,1,1,粤、客家,multi_family
251313,粤、客家,2,2,32,2,"粤,客家",multi_family
251335,粤、客家,2,2,1,1,粤、客家,multi_family
251352,粤、客家,2,2,1,1,粤、客家,multi_family
251651,客家、闽,2,2,1,1,客家、闽,multi_family
251844,粤、客家,2,2,1,1,粤、客家,multi_family
251914,粤、客家,2,2,1,1,粤、客家,multi_family
251932,粤、客家,2,2,1,1,粤、客家,multi_family
252066,粤、客家、闽,3,3,18,3,"粤,客家,客家、闽",multi_family | multi_component
252073,闽、粤,2,2,2,2,"闽,粤",multi_family
253473,粤、客家,2,2,1,1,粤、客家,multi_family
253484,粤、闽,2,2,1,1,粤、闽,multi_family
253755,粤、闽,2,2,1,1,粤、闽,multi_family
253816,粤、客家,2,2,1,1,粤、客家,multi_family
254419,客家、闽,2,2,2,2,"客家,闽",multi_family
254525,粤、闽,2,2,1,1,粤、闽,multi_family
254526,闽、粤、客家,3,3,13,4,"闽,粤,粤、客家,客家",multi_family | multi_component
254543,粤、客家,2,2,1,1,粤、客家,multi_family
254625,粤、闽,2,2,1,1,粤、闽,multi_family
254677,粤、闽,2,2,1,1,粤、闽,multi_family
254701,闽、粤,2,2,3,2,"闽,粤",multi_family
254729,粤、闽,2,2,1,1,粤、闽,multi_family
254736,粤、客家、闽,3,3,1,1,粤、客家、闽,multi_family | multi_component
256375,闽·雷州话、粤·吴川话,2,2,5,2,"闽·雷州话,粤·吴川话",multi_family
256472,粤·吴川话、闽·雷州话,2,2,1,1,粤·吴川话、闽·雷州话,multi_family
256515,粤、闽,2,2,1,1,粤、闽,multi_family
256516,粤·吴川话、闽·雷州话,2,2,1,1,粤·吴川话、闽·雷州话,multi_family
257209,粤、客家,2,2,1,1,粤、客家,multi_family
257216,粤、客家、闽,3,3,1,1,粤、客家、闽,multi_family | multi_component
257239,粤、闽·雷州话,2,2,2,2,"粤,闽·雷州话",bare_and_detail_mixed_keep_as_is | multi_family
257282,粤、闽·雷州话,2,2,3,2,"粤,闽·雷州话",bare_and_detail_mixed_keep_as_is | multi_family
257284,粤、闽,2,2,1,1,粤、闽,multi_family
257287,粤、闽,2,2,1,1,粤、闽,multi_family
257294,粤、闽,2,2,1,1,粤、闽,multi_family
257355,粤、闽,2,2,1,1,粤、闽,multi_family
257358,粤、客家,2,2,1,1,粤、客家,multi_family
257359,粤、闽·雷州话,2,2,3,2,"粤,闽·雷州话",bare_and_detail_mixed_keep_as_is | multi_family
257398,粤、客家,2,2,1,1,粤、客家,multi_family
257399,粤、客家,2,2,1,1,粤、客家,multi_family
257432,闽·雷州话、客家,2,2,3,2,"闽·雷州话,客家",bare_and_detail_mixed_keep_as_is | multi_family
257484,粤、闽·雷州话,2,2,2,2,"粤,闽·雷州话",bare_and_detail_mixed_keep_as_is | multi_family
257527,粤、闽,2,2,1,1,粤、闽,multi_family
257575,粤、闽,2,2,1,1,粤、闽,multi_family
258417,粤、闽,2,2,1,1,粤、闽,multi_family
259027,粤、闽·雷州话,2,2,11,2,"粤,闽·雷州话",bare_and_detail_mixed_keep_as_is | multi_family
259435,闽·雷州话、粤,2,2,2,2,"闽·雷州话,粤",bare_and_detail_mixed_keep_as_is | multi_family
259452,粤、闽·雷州话,2,2,17,2,"粤,闽·雷州话",bare_and_detail_mixed_keep_as_is | multi_family
259589,闽·雷州话、粤,2,2,3,2,"闽·雷州话,粤",bare_and_detail_mixed_keep_as_is | multi_family
260203,粤、闽,2,2,1,1,粤、闽,multi_family
260233,粤、闽,2,2,1,1,粤、闽,multi_family
260333,粤·吴川话、闽·雷州话,2,2,20,3,"粤·吴川话,粤,闽·雷州话",multi_family
260751,粤、闽,2,2,1,1,粤、闽,multi_family
260752,粤、闽,2,2,1,1,粤、闽,multi_family
260754,粤、闽,2,2,1,1,粤、闽,multi_family
260757,粤、闽,2,2,1,1,粤、闽,multi_family
260758,粤、闽,2,2,1,1,粤、闽,multi_family
260759,粤、闽,2,2,1,1,粤、闽,multi_family
260760,粤、闽,2,2,1,1,粤、闽,multi_family
260762,粤、闽,2,2,1,1,粤、闽,multi_family
260763,粤、闽,2,2,1,1,粤、闽,multi_family
260764,粤、闽,2,2,1,1,粤、闽,multi_family
260766,粤、闽,2,2,1,1,粤、闽,multi_family
260768,粤、闽,2,2,1,1,粤、闽,multi_family
260769,粤、闽,2,2,1,1,粤、闽,multi_family
260770,粤、闽,2,2,1,1,粤、闽,multi_family
260772,粤、闽,2,2,1,1,粤、闽,multi_family
260773,粤、闽,2,2,1,1,粤、闽,multi_family
260778,粤、闽,2,2,1,1,粤、闽,multi_family
260779,粤、闽,2,2,1,1,粤、闽,multi_family
260780,粤、闽,2,2,1,1,粤、闽,multi_family
260781,粤、闽,2,2,1,1,粤、闽,multi_family
260782,粤、闽,2,2,1,1,粤、闽,multi_family
260783,粤·吴川话、闽,2,2,9,2,"粤、闽,粤·吴川话",bare_and_detail_mixed_keep_as_is | multi_family
261921,客家、闽,2,2,1,1,客家、闽,multi_family
261924,客家、闽,2,2,1,1,客家、闽,multi_family
262091,客家、闽,2,2,1,1,客家、闽,multi_family
262154,粤、闽,2,2,1,1,粤、闽,multi_family
262158,粤、客家、闽,3,3,1,1,粤、客家、闽,multi_family | multi_component
262512,闽·雷州话、客家,2,2,87,3,"闽·雷州话,客家,闽",bare_and_detail_mixed_keep_as_is | multi_family
262624,粤、闽,2,2,1,1,粤、闽,multi_family
262633,粤、闽,2,2,1,1,粤、闽,multi_family
262653,粤、闽·雷州话、客家,3,3,6,3,"粤,闽·雷州话,客家、闽",bare_and_detail_mixed_keep_as_is | multi_family | multi_component
262698,粤、客家,2,2,1,1,粤、客家,multi_family
262853,粤、客家,2,2,1,1,粤、客家,multi_family
262861,粤、闽,2,2,1,1,粤、闽,multi_family
262867,闽·雷州话、粤、客家,3,3,15,5,"闽·雷州话,粤、客家,客家,粤、闽,粤",bare_and_detail_mixed_keep_as_is | multi_family | multi_component
262901,粤、客家,2,2,1,1,粤、客家,multi_family
262931,闽·雷州话、粤,2,2,2,2,"闽·雷州话,粤",bare_and_detail_mixed_keep_as_is | multi_family
262940,客家、闽,2,2,1,1,客家、闽,multi_family
265385,粤、客家,2,2,13,3,"粤,客家,",multi_family
265430,粤、客家,2,2,1,1,粤、客家,multi_family
265432,粤、客家,2,2,1,1,粤、客家,multi_family
265433,粤、客家,2,2,1,1,粤、客家,multi_family
265434,粤、客家,2,2,1,1,粤、客家,multi_family
265437,粤、客家,2,2,1,1,粤、客家,multi_family
265440,粤、客家,2,2,1,1,粤、客家,multi_family
265441,粤、客家,2,2,1,1,粤、客家,multi_family
265443,粤、客家,2,2,1,1,粤、客家,multi_family
265445,粤、客家,2,2,1,1,粤、客家,multi_family
265451,粤、客家,2,2,1,1,粤、客家,multi_family
265453,粤、客家,2,2,4,1,粤、客家,multi_family
265458,粤、客家,2,2,1,1,粤、客家,multi_family
265461,粤、客家,2,2,1,1,粤、客家,multi_family
265465,粤、客家,2,2,1,1,粤、客家,multi_family
265468,粤、客家,2,2,1,1,粤、客家,multi_family
265472,粤、客家,2,2,1,1,粤、客家,multi_family
265473,粤、客家,2,2,1,1,粤、客家,multi_family
265475,粤、客家,2,2,1,1,粤、客家,multi_family
265477,粤、客家,2,2,1,1,粤、客家,multi_family
265478,粤、客家,2,2,1,1,粤、客家,multi_family
265480,粤、客家,2,2,1,1,粤、客家,multi_family
265483,粤、客家,2,2,1,1,粤、客家,multi_family
265484,粤、客家,2,2,1,1,粤、客家,multi_family
265485,粤、客家,2,2,1,1,粤、客家,multi_family
265486,粤、客家,2,2,1,1,粤、客家,multi_family
265513,粤、客家,2,2,1,1,粤、客家,multi_family
265514,粤、客家,2,2,1,1,粤、客家,multi_family
265518,粤、客家,2,2,1,1,粤、客家,multi_family
265521,粤、客家,2,2,1,1,粤、客家,multi_family
265522,粤、客家,2,2,1,1,粤、客家,multi_family
265523,粤、客家,2,2,1,1,粤、客家,multi_family
265524,粤、客家,2,2,1,1,粤、客家,multi_family
265525,粤、客家,2,2,1,1,粤、客家,multi_family
265526,粤、客家,2,2,1,1,粤、客家,multi_family
265527,粤、客家,2,2,1,1,粤、客家,multi_family
265528,粤、客家,2,2,1,1,粤、客家,multi_family
265534,粤、客家,2,2,1,1,粤、客家,multi_family
265538,粤、客家,2,2,1,1,粤、客家,multi_family
265539,粤、客家,2,2,1,1,粤、客家,multi_family
265540,粤、客家,2,2,1,1,粤、客家,multi_family
265544,粤、客家,2,2,1,1,粤、客家,multi_family
265546,粤、客家,2,2,2,1,粤、客家,multi_family
265549,粤、客家,2,2,1,1,粤、客家,multi_family
265550,粤、客家,2,2,1,1,粤、客家,multi_family
265552,粤、客家,2,2,1,1,粤、客家,multi_family
265553,粤、客家,2,2,1,1,粤、客家,multi_family
265555,粤、客家,2,2,1,1,粤、客家,multi_family
265558,粤、客家,2,2,2,1,粤、客家,multi_family
265561,粤、客家,2,2,1,1,粤、客家,multi_family
265562,粤、客家,2,2,1,1,粤、客家,multi_family
265563,粤、客家、少数民族,3,3,89,4,"粤、客家,粤,客家,粤、少数民族",multi_family | multi_component
265567,粤、客家,2,2,1,1,粤、客家,multi_family
265570,粤、客家,2,2,1,1,粤、客家,multi_family
265574,粤、客家,2,2,1,1,粤、客家,multi_family
265575,粤、客家,2,2,1,1,粤、客家,multi_family
265577,粤、客家,2,2,1,1,粤、客家,multi_family
265578,粤、客家,2,2,1,1,粤、客家,multi_family
265579,粤、客家,2,2,1,1,粤、客家,multi_family
265581,粤、客家,2,2,1,1,粤、客家,multi_family
265584,粤、客家,2,2,1,1,粤、客家,multi_family
265586,粤、客家,2,2,1,1,粤、客家,multi_family
265587,粤、客家,2,2,1,1,粤、客家,multi_family
265687,客家、粤·鼎湖话,2,2,49,2,"客家,粤·鼎湖话",bare_and_detail_mixed_keep_as_is | multi_family
265713,粤、客家,2,2,1,1,粤、客家,multi_family
265720,粤、客家,2,2,1,1,粤、客家,multi_family
265743,粤、客家,2,2,3,2,"粤,粤、客家",multi_family
265958,粤·鼎湖话、客家,2,2,5,2,"粤、客家,粤·鼎湖话",bare_and_detail_mixed_keep_as_is | multi_family
266689,粤、客家,2,2,1,1,粤、客家,multi_family
266690,粤、客家,2,2,1,1,粤、客家,multi_family
266784,粤、客家,2,2,1,1,粤、客家,multi_family
266787,粤、客家,2,2,1,1,粤、客家,multi_family
266790,粤、客家,2,2,1,1,粤、客家,multi_family
266864,粤、客家,2,2,1,1,粤、客家,multi_family
266865,粤、客家,2,2,1,1,粤、客家,multi_family
266867,粤、客家,2,2,1,1,粤、客家,multi_family
266946,粤、客家,2,2,1,1,粤、客家,multi_family
268091,粤、客家,2,2,1,1,粤、客家,multi_family
268092,粤、客家,2,2,1,1,粤、客家,multi_family
268094,粤、客家,2,2,1,1,粤、客家,multi_family
268095,粤、客家,2,2,1,1,粤、客家,multi_family
268098,粤、客家,2,2,1,1,粤、客家,multi_family
268099,粤、客家,2,2,1,1,粤、客家,multi_family
268100,粤、客家,2,2,1,1,粤、客家,multi_family
269215,粤·高要话、客家,2,2,107,3,"粤·高要话,客家,粤、客家",bare_and_detail_mixed_keep_as_is | multi_family
269218,粤、客家,2,2,1,1,粤、客家,multi_family
269221,粤、客家,2,2,1,1,粤、客家,multi_family
269223,粤、客家,2,2,1,1,粤、客家,multi_family
269226,粤、客家,2,2,1,1,粤、客家,multi_family
269227,粤、客家,2,2,1,1,粤、客家,multi_family
269262,粤、客家,2,2,1,1,粤、客家,multi_family
269272,粤、客家,2,2,1,1,粤、客家,multi_family
269278,粤、客家,2,2,1,1,粤、客家,multi_family
269283,粤、客家,2,2,1,1,粤、客家,multi_family
269289,粤、客家,2,2,1,1,粤、客家,multi_family
269291,粤、客家,2,2,1,1,粤、客家,multi_family
269298,粤、客家,2,2,1,1,粤、客家,multi_family
269300,粤、客家,2,2,1,1,粤、客家,multi_family
269302,粤、客家,2,2,1,1,粤、客家,multi_family
269306,粤、客家,2,2,1,1,粤、客家,multi_family
269307,粤、客家,2,2,1,1,粤、客家,multi_family
269311,粤、客家,2,2,1,1,粤、客家,multi_family
269312,粤、客家,2,2,1,1,粤、客家,multi_family
269314,粤、客家,2,2,1,1,粤、客家,multi_family
269316,粤、客家,2,2,1,1,粤、客家,multi_family
269317,粤、客家,2,2,1,1,粤、客家,multi_family
269318,粤、客家,2,2,1,1,粤、客家,multi_family
269320,粤、客家,2,2,2,1,粤、客家,multi_family
269321,粤、客家,2,2,1,1,粤、客家,multi_family
269322,粤、客家,2,2,1,1,粤、客家,multi_family
269328,粤、客家,2,2,1,1,粤、客家,multi_family
269330,粤、客家,2,2,1,1,粤、客家,multi_family
269333,粤、客家,2,2,1,1,粤、客家,multi_family
269336,粤、客家,2,2,1,1,粤、客家,multi_family
269338,粤、客家,2,2,1,1,粤、客家,multi_family
269339,粤、客家,2,2,1,1,粤、客家,multi_family
269340,粤、客家,2,2,1,1,粤、客家,multi_family
269341,粤、客家,2,2,1,1,粤、客家,multi_family
269345,粤、客家,2,2,1,1,粤、客家,multi_family
269346,粤、客家,2,2,1,1,粤、客家,multi_family
269348,粤·高要话、客家,2,2,10,2,"粤·高要话,粤、客家",bare_and_detail_mixed_keep_as_is | multi_family
269367,粤、客家,2,2,1,1,粤、客家,multi_family
269369,粤、客家,2,2,1,1,粤、客家,multi_family
269370,粤、客家,2,2,1,1,粤、客家,multi_family
269371,粤、客家,2,2,1,1,粤、客家,multi_family
269373,粤、客家,2,2,1,1,粤、客家,multi_family
269374,粤、客家,2,2,1,1,粤、客家,multi_family
269375,粤、客家,2,2,1,1,粤、客家,multi_family
269377,粤、客家,2,2,1,1,粤、客家,multi_family
269393,粤、客家,2,2,1,1,粤、客家,multi_family
269425,粤、客家,2,2,1,1,粤、客家,multi_family
269428,粤、客家,2,2,1,1,粤、客家,multi_family
269434,粤、客家,2,2,1,1,粤、客家,multi_family
269437,粤、客家,2,2,2,1,粤、客家,multi_family
269513,粤、客家,2,2,1,1,粤、客家,multi_family
269561,粤、客家,2,2,1,1,粤、客家,multi_family
269578,粤、客家,2,2,1,1,粤、客家,multi_family
269606,粤、客家,2,2,1,1,粤、客家,multi_family
269644,粤、客家,2,2,1,1,粤、客家,multi_family
269961,粤、客家,2,2,1,1,粤、客家,multi_family
269985,粤、客家,2,2,1,1,粤、客家,multi_family
269986,粤、客家,2,2,1,1,粤、客家,multi_family
269989,粤、客家,2,2,1,1,粤、客家,multi_family
269993,粤、客家,2,2,1,1,粤、客家,multi_family
269998,粤、客家,2,2,1,1,粤、客家,multi_family
270000,粤、客家,2,2,1,1,粤、客家,multi_family
270001,粤、客家,2,2,1,1,粤、客家,multi_family
270013,粤、客家,2,2,1,1,粤、客家,multi_family
270015,粤、客家,2,2,1,1,粤、客家,multi_family
270017,粤、客家,2,2,1,1,粤、客家,multi_family
270018,粤、客家,2,2,1,1,粤、客家,multi_family
270022,粤、客家,2,2,1,1,粤、客家,multi_family
270024,粤、客家,2,2,1,1,粤、客家,multi_family
270025,粤、客家,2,2,1,1,粤、客家,multi_family
270027,粤、客家,2,2,1,1,粤、客家,multi_family
270032,粤、客家,2,2,1,1,粤、客家,multi_family
270033,粤、客家,2,2,1,1,粤、客家,multi_family
270036,粤、客家,2,2,1,1,粤、客家,multi_family
270041,粤、客家,2,2,1,1,粤、客家,multi_family
270047,粤、客家,2,2,1,1,粤、客家,multi_family
270049,粤、客家,2,2,1,1,粤、客家,multi_family
270050,粤、客家,2,2,1,1,粤、客家,multi_family
270061,粤、客家,2,2,1,1,粤、客家,multi_family
270102,粤、客家,2,2,1,1,粤、客家,multi_family
270111,粤、客家,2,2,1,1,粤、客家,multi_family
270113,粤、客家,2,2,1,1,粤、客家,multi_family
270114,粤、客家,2,2,1,1,粤、客家,multi_family
270116,粤、客家,2,2,2,1,粤、客家,multi_family
270118,粤、客家,2,2,1,1,粤、客家,multi_family
270119,粤、客家,2,2,1,1,粤、客家,multi_family
270122,粤、客家,2,2,1,1,粤、客家,multi_family
270124,粤、客家,2,2,1,1,粤、客家,multi_family
270127,粤、客家,2,2,1,1,粤、客家,multi_family
270132,粤、客家,2,2,1,1,粤、客家,multi_family
270193,粤、客家,2,2,1,1,粤、客家,multi_family
270195,粤、客家,2,2,1,1,粤、客家,multi_family
270226,粤、客家,2,2,1,1,粤、客家,multi_family
270244,粤、客家,2,2,1,1,粤、客家,multi_family
270266,粤、客家,2,2,1,1,粤、客家,multi_family
270274,粤、客家,2,2,1,1,粤、客家,multi_family
270292,客家、粤·高要话,2,2,2,2,"客家,粤·高要话",bare_and_detail_mixed_keep_as_is | multi_family
270300,粤、客家,2,2,1,1,粤、客家,multi_family
270308,粤、客家,2,2,1,1,粤、客家,multi_family
270310,粤、客家,2,2,1,1,粤、客家,multi_family
270312,粤、客家,2,2,1,1,粤、客家,multi_family
270321,粤、客家,2,2,1,1,粤、客家,multi_family
270424,粤、客家,2,2,1,1,粤、客家,multi_family
270430,粤、客家,2,2,1,1,粤、客家,multi_family
270468,粤、客家,2,2,1,1,粤、客家,multi_family
270471,粤、客家,2,2,1,1,粤、客家,multi_family
270490,粤、客家,2,2,1,1,粤、客家,multi_family
270499,粤、客家,2,2,1,1,粤、客家,multi_family
270561,粤、客家,2,2,1,1,粤、客家,multi_family
270565,粤、客家,2,2,1,1,粤、客家,multi_family
270576,粤、客家,2,2,1,1,粤、客家,multi_family
270616,粤、客家,2,2,1,1,粤、客家,multi_family
270660,粤、客家,2,2,1,1,粤、客家,multi_family
270670,粤、客家,2,2,1,1,粤、客家,multi_family
270675,粤、客家,2,2,1,1,粤、客家,multi_family
270714,粤、客家,2,2,1,1,粤、客家,multi_family
270731,粤、客家,2,2,1,1,粤、客家,multi_family
270749,粤、客家,2,2,1,1,粤、客家,multi_family
270775,粤、客家,2,2,1,1,粤、客家,multi_family
270776,粤、客家,2,2,1,1,粤、客家,multi_family
270779,粤、客家,2,2,1,1,粤、客家,multi_family
270845,粤·高要话、客家,2,2,11,3,"粤·高要话,客家,粤、客家",bare_and_detail_mixed_keep_as_is | multi_family
271198,粤、客家,2,2,1,1,粤、客家,multi_family
271202,粤、客家,2,2,1,1,粤、客家,multi_family
271208,粤、客家,2,2,1,1,粤、客家,multi_family
271210,粤、客家,2,2,1,1,粤、客家,multi_family
271217,粤、客家,2,2,1,1,粤、客家,multi_family
271231,粤、客家,2,2,1,1,粤、客家,multi_family
271243,粤、客家,2,2,1,1,粤、客家,multi_family
271248,粤、客家,2,2,1,1,粤、客家,multi_family
271261,粤、客家,2,2,1,1,粤、客家,multi_family
271262,粤、客家,2,2,1,1,粤、客家,multi_family
271269,粤、客家,2,2,1,1,粤、客家,multi_family
271276,粤·广宁话、客家,2,2,2,2,"粤、客家,粤·广宁话",bare_and_detail_mixed_keep_as_is | multi_family
271277,粤、客家,2,2,2,1,粤、客家,multi_family
271297,粤、客家,2,2,1,1,粤、客家,multi_family
271298,粤、客家,2,2,1,1,粤、客家,multi_family
271327,粤、客家,2,2,1,1,粤、客家,multi_family
271328,粤、客家,2,2,1,1,粤、客家,multi_family
271329,粤、客家,2,2,1,1,粤、客家,multi_family
271332,粤·广宁话、客家,2,2,2,2,"粤、客家,粤·广宁话",bare_and_detail_mixed_keep_as_is | multi_family
271389,粤、客家,2,2,1,1,粤、客家,multi_family
271399,粤、客家,2,2,1,1,粤、客家,multi_family
271403,粤、客家,2,2,1,1,粤、客家,multi_family
271409,粤、客家,2,2,1,1,粤、客家,multi_family
271441,粤、客家,2,2,1,1,粤、客家,multi_family
271454,粤、客家,2,2,1,1,粤、客家,multi_family
271471,粤、客家,2,2,1,1,粤、客家,multi_family
271531,粤、客家,2,2,1,1,粤、客家,multi_family
271626,粤、客家,2,2,1,1,粤、客家,multi_family
271636,粤、客家,2,2,1,1,粤、客家,multi_family
271643,粤、客家,2,2,1,1,粤、客家,multi_family
271865,粤、客家,2,2,1,1,粤、客家,multi_family
271869,粤·广宁话、客家,2,2,2,2,"粤、客家,粤·广宁话",bare_and_detail_mixed_keep_as_is | multi_family
271874,粤、客家,2,2,1,1,粤、客家,multi_family
271887,粤、客家,2,2,1,1,粤、客家,multi_family
271891,粤、客家,2,2,1,1,粤、客家,multi_family
271910,粤、客家,2,2,1,1,粤、客家,multi_family
272041,粤、客家,2,2,1,1,粤、客家,multi_family
272047,粤、客家,2,2,1,1,粤、客家,multi_family
272050,粤、客家,2,2,1,1,粤、客家,multi_family
272057,粤、客家,2,2,1,1,粤、客家,multi_family
272087,粤、客家,2,2,1,1,粤、客家,multi_family
272100,粤、客家,2,2,1,1,粤、客家,multi_family
272103,粤、客家,2,2,1,1,粤、客家,multi_family
272107,粤、客家,2,2,1,1,粤、客家,multi_family
272108,粤、客家,2,2,1,1,粤、客家,multi_family
272113,粤、客家,2,2,1,1,粤、客家,multi_family
272115,粤、客家,2,2,1,1,粤、客家,multi_family
272119,粤、客家,2,2,1,1,粤、客家,multi_family
272120,粤、客家,2,2,1,1,粤、客家,multi_family
272121,粤、客家,2,2,1,1,粤、客家,multi_family
272124,粤、客家,2,2,1,1,粤、客家,multi_family
272148,粤·广宁话、客家,2,2,2,2,"粤、客家,粤·广宁话",bare_and_detail_mixed_keep_as_is | multi_family
272153,粤、客家,2,2,1,1,粤、客家,multi_family
272231,粤、客家,2,2,1,1,粤、客家,multi_family
272282,粤、客家,2,2,1,1,粤、客家,multi_family
272311,粤、客家,2,2,1,1,粤、客家,multi_family
273261,粤、客家,2,2,1,1,粤、客家,multi_family
273273,粤、客家,2,2,1,1,粤、客家,multi_family
273278,粤、客家,2,2,2,2,"粤,客家",multi_family
273291,粤、客家,2,2,1,1,粤、客家,multi_family
273292,粤、客家,2,2,1,1,粤、客家,multi_family
273294,粤、客家,2,2,1,1,粤、客家,multi_family
273320,粤、客家,2,2,1,1,粤、客家,multi_family
273322,粤、客家,2,2,1,1,粤、客家,multi_family
273323,粤、客家,2,2,1,1,粤、客家,multi_family
273443,粤、客家,2,2,1,1,粤、客家,multi_family
273459,粤、客家,2,2,1,1,粤、客家,multi_family
273461,粤、客家,2,2,3,2,"粤、客家,粤",multi_family
273476,粤、客家,2,2,2,2,"粤,粤、客家",multi_family
273489,粤、客家,2,2,1,1,粤、客家,multi_family
273656,粤、客家,2,2,1,1,粤、客家,multi_family
273766,粤、客家,2,2,1,1,粤、客家,multi_family
273787,粤、客家,2,2,1,1,粤、客家,multi_family
273789,粤、客家,2,2,1,1,粤、客家,multi_family
273791,客家、粤·广宁话,2,2,2,2,"客家,粤·广宁话",bare_and_detail_mixed_keep_as_is | multi_family
273830,粤、客家,2,2,1,1,粤、客家,multi_family
273838,粤、客家,2,2,1,1,粤、客家,multi_family
273839,粤、客家,2,2,1,1,粤、客家,multi_family
273844,粤、客家,2,2,2,1,粤、客家,multi_family
273848,粤、客家,2,2,1,1,粤、客家,multi_family
273853,粤、客家,2,2,1,1,粤、客家,multi_family
273856,粤、客家,2,2,1,1,粤、客家,multi_family
274081,粤·广宁话、客家,2,2,7,2,"粤·广宁话,粤、客家",bare_and_detail_mixed_keep_as_is | multi_family
274130,粤、客家,2,2,1,1,粤、客家,multi_family
274405,客家、粤·广宁话,2,2,2,2,"客家,粤·广宁话",bare_and_detail_mixed_keep_as_is | multi_family
274440,粤、客家,2,2,1,1,粤、客家,multi_family
274445,粤、客家,2,2,1,1,粤、客家,multi_family
274457,粤、客家,2,2,1,1,粤、客家,multi_family
274499,粤·广宁话、客家,2,2,17,3,"粤·广宁话,粤、客家,客家",bare_and_detail_mixed_keep_as_is | multi_family
274682,粤、客家,2,2,1,1,粤、客家,multi_family
274692,粤、客家,2,2,1,1,粤、客家,multi_family
274702,粤、客家,2,2,1,1,粤、客家,multi_family
274706,粤、客家,2,2,1,1,粤、客家,multi_family
274730,粤、客家,2,2,1,1,粤、客家,multi_family
274839,粤、客家,2,2,1,1,粤、客家,multi_family
274840,粤、客家,2,2,1,1,粤、客家,multi_family
274845,粤、客家,2,2,1,1,粤、客家,multi_family
274851,粤、客家,2,2,1,1,粤、客家,multi_family
274859,粤、客家,2,2,1,1,粤、客家,multi_family
274862,粤、客家,2,2,1,1,粤、客家,multi_family
274863,粤、客家,2,2,1,1,粤、客家,multi_family
274864,粤、客家,2,2,1,1,粤、客家,multi_family
274895,客家、粤·广宁话,2,2,7,2,"客家,粤·广宁话",bare_and_detail_mixed_keep_as_is | multi_family
274917,粤·广宁话、客家,2,2,14,3,"粤、客家,客家,粤·广宁话",bare_and_detail_mixed_keep_as_is | multi_family
274978,粤、客家,2,2,1,1,粤、客家,multi_family
274979,粤、客家,2,2,1,1,粤、客家,multi_family
274984,粤、客家,2,2,1,1,粤、客家,multi_family
274986,粤、客家,2,2,1,1,粤、客家,multi_family
274988,粤、客家,2,2,1,1,粤、客家,multi_family
274989,粤、客家,2,2,1,1,粤、客家,multi_family
274990,粤、客家,2,2,1,1,粤、客家,multi_family
275123,粤、客家,2,2,1,1,粤、客家,multi_family
275145,粤、客家,2,2,1,1,粤、客家,multi_family
275187,粤、客家,2,2,1,1,粤、客家,multi_family
275196,粤、客家,2,2,1,1,粤、客家,multi_family
275199,粤、客家,2,2,1,1,粤、客家,multi_family
275212,粤、客家,2,2,1,1,粤、客家,multi_family
275213,粤、客家,2,2,1,1,粤、客家,multi_family
275214,粤、客家,2,2,1,1,粤、客家,multi_family
275217,粤、客家,2,2,1,1,粤、客家,multi_family
275218,粤、客家,2,2,1,1,粤、客家,multi_family
275219,粤、客家,2,2,1,1,粤、客家,multi_family
275228,粤、客家,2,2,1,1,粤、客家,multi_family
275231,粤、客家,2,2,1,1,粤、客家,multi_family
275235,粤、客家,2,2,1,1,粤、客家,multi_family
275241,粤、客家,2,2,1,1,粤、客家,multi_family
275546,粤、客家,2,2,1,1,粤、客家,multi_family
276982,粤、客家,2,2,1,1,粤、客家,multi_family
277005,粤·怀集下坊话、闽·潮汕话,2,2,1,1,粤·怀集下坊话、闽·潮汕话,multi_family
277289,粤、客家,2,2,1,1,粤、客家,multi_family
278483,粤·怀集下坊话、客家·广宁话,2,2,1,1,粤·怀集下坊话、客家·广宁话,multi_family
278795,粤、客家,2,2,1,1,粤、客家,multi_family
279855,粤、客家,2,2,1,1,粤、客家,multi_family
279916,粤·怀集永固标话、客家·怀集下坊话,2,2,1,1,粤·怀集永固标话、客家·怀集下坊话,multi_family
279944,粤、客家,2,2,1,1,粤、客家,multi_family
279969,粤、客家,2,2,1,1,粤、客家,multi_family
280073,粤、少数民族,2,2,1,1,粤、少数民族,multi_family
280081,粤、少数民族,2,2,1,1,粤、少数民族,multi_family
280403,粤、客家,2,2,1,1,粤、客家,multi_family
280408,粤、客家,2,2,1,1,粤、客家,multi_family
280704,客家、粤,2,2,20,2,"客家,粤、客家",multi_family
280705,粤、客家,2,2,1,1,粤、客家,multi_family
280718,粤、客家,2,2,1,1,粤、客家,multi_family
280730,粤、客家,2,2,1,1,粤、客家,multi_family
280732,粤、客家,2,2,1,1,粤、客家,multi_family
280824,粤、客家,2,2,1,1,粤、客家,multi_family
281052,粤、客家,2,2,1,1,粤、客家,multi_family
281080,粤、客家,2,2,1,1,粤、客家,multi_family
281081,粤、客家,2,2,1,1,粤、客家,multi_family
281184,粤、客家,2,2,32,2,"粤,客家",multi_family
281371,客家、粤,2,2,39,3,"客家,粤,",multi_family
281573,粤、客家,2,2,1,1,粤、客家,multi_family
281576,粤、客家,2,2,1,1,粤、客家,multi_family
281579,粤、客家,2,2,1,1,粤、客家,multi_family
281630,粤、客家,2,2,1,1,粤、客家,multi_family
281639,粤、客家,2,2,1,1,粤、客家,multi_family
281800,粤、客家,2,2,1,1,粤、客家,multi_family
281845,客家、粤,2,2,2,2,"客家,粤",multi_family
282033,粤、客家,2,2,14,2,"粤,客家",multi_family
282135,粤、客家,2,2,1,1,粤、客家,multi_family
282138,粤、客家,2,2,1,1,粤、客家,multi_family
282143,粤、客家,2,2,1,1,粤、客家,multi_family
282393,粤、客家,2,2,12,2,"粤,客家",multi_family
282594,粤、客家,2,2,1,1,粤、客家,multi_family
282706,粤、客家,2,2,1,1,粤、客家,multi_family
282735,粤、客家,2,2,1,1,粤、客家,multi_family
282736,粤、客家,2,2,1,1,粤、客家,multi_family
282740,粤、客家,2,2,1,1,粤、客家,multi_family
282742,粤、客家,2,2,1,1,粤、客家,multi_family
282788,粤·石岐话、闽·隆都话,2,2,1,1,粤·石岐话、闽·隆都话,multi_family
282804,粤·石岐话、客家,2,2,2,2,"粤、客家,粤·石岐话",bare_and_detail_mixed_keep_as_is | multi_family
282823,闽·隆都话、粤·沙田话、粤·石岐话、客家,4,3,26,6,"闽·隆都话,闽,粤·沙田话,粤,客家,粤·石岐话",bare_and_detail_mixed_keep_as_is | multi_family | multi_component
283295,粤·沙田话、闽·隆都话,2,2,2,2,"粤·沙田话,闽·隆都话",multi_family
283402,粤、闽,2,2,1,1,粤、闽,multi_family
283656,粤、客家,2,2,1,1,粤、客家,multi_family
283716,粤、闽,2,2,1,1,粤、闽,multi_family
283717,粤·沙田话、闽,2,2,2,2,"粤、闽,粤·沙田话",bare_and_detail_mixed_keep_as_is | multi_family
283720,粤、闽,2,2,1,1,粤、闽,multi_family
283721,粤、闽,2,2,1,1,粤、闽,multi_family
283722,粤、闽,2,2,1,1,粤、闽,multi_family
283723,粤、闽,2,2,1,1,粤、闽,multi_family
283724,粤、闽,2,2,1,1,粤、闽,multi_family
283730,粤、闽,2,2,1,1,粤、闽,multi_family
283744,闽、粤·沙田话,2,2,4,3,"闽,粤·沙田话,粤",bare_and_detail_mixed_keep_as_is | multi_family
283760,粤、客家,2,2,1,1,粤、客家,multi_family
284042,粤·隆都话、闽·沙田话,2,2,1,1,粤·隆都话、闽·沙田话,multi_family
284116,粤、客家,2,2,1,1,粤、客家,multi_family
284117,粤、客家,2,2,1,1,粤、客家,multi_family
284138,粤、客家,2,2,1,1,粤、客家,multi_family
284139,粤、闽,2,2,1,1,粤、闽,multi_family
284456,粤、客家,2,2,1,1,粤、客家,multi_family
284469,粤、客家,2,2,1,1,粤、客家,multi_family
284639,客家、粤·沙田话,2,2,2,2,"客家,粤·沙田话",bare_and_detail_mixed_keep_as_is | multi_family
284826,粤、客家,2,2,1,1,粤、客家,multi_family
284923,粤、客家,2,2,1,1,粤、客家,multi_family
284979,粤、客家,2,2,1,1,粤、客家,multi_family
285041,粤、客家,2,2,1,1,粤、客家,multi_family
285130,粤、客家,2,2,1,1,粤、客家,multi_family
285131,粤、客家,2,2,1,1,粤、客家,multi_family
285136,粤、客家,2,2,1,1,粤、客家,multi_family
285165,粤、客家,2,2,1,1,粤、客家,multi_family
285375,粤·四邑话、客家,2,2,5,3,"粤·四邑话,客家,粤",bare_and_detail_mixed_keep_as_is | multi_family
285645,粤、客家,2,2,1,1,粤、客家,multi_family
285680,粤、客家,2,2,1,1,粤、客家,multi_family
285688,粤、客家,2,2,1,1,粤、客家,multi_family
285692,粤、客家,2,2,1,1,粤、客家,multi_family
285694,粤、客家,2,2,1,1,粤、客家,multi_family
285698,粤、客家,2,2,1,1,粤、客家,multi_family
285700,粤、客家,2,2,1,1,粤、客家,multi_family
